date,ticker,mentions
2025-07-17,DNUT,1100
2025-07-18,DNUT,1300
2025-07-19,DNUT,1200
2025-07-20,DNUT,1400
2025-07-21,DNUT,1250
2025-07-22,DNUT,1500
2025-07-17,OPEN,800
2025-07-18,OPEN,950
2025-07-19,OPEN,870
2025-07-20,OPEN,920
2025-07-21,OPEN,980
2025-07-22,OPEN,1000
2025-07-17,RKT,900
2025-07-18,RKT,950
2025-07-19,RKT,1000
2025-07-20,RKT,980
2025-07-21,RKT,1020
2025-07-22,RKT,1100
2025-07-17,KSS,700
2025-07-18,KSS,720
2025-07-19,KSS,750
2025-07-20,KSS,770
2025-07-21,KSS,800
2025-07-22,KSS,780
2025-07-17,SPY,200
2025-07-18,SPY,210
2025-07-19,SPY,220
2025-07-20,SPY,250
2025-07-21,SPY,230
2025-07-22,SPY,240
2025-07-17,CLOV,140
2025-07-18,CLOV,150
2025-07-19,CLOV,160
2025-07-20,CLOV,155
2025-07-21,CLOV,170
2025-07-22,CLOV,180
2025-07-23,DNUT,2601
2025-07-23,OPEN,2160
2025-07-23,RKT,1974
2025-07-23,KSS,573
2025-07-23,CLOV,568
2025-07-23,SPY,507
2025-07-23,TSLA,333
2025-07-23,IOVA,329
2025-07-23,WEN,282
2025-07-23,TLRY,275
2025-07-23,IXHL,218
2025-07-23,BULL,203
2025-07-23,NVDA,183
2025-07-23,GOOG,174
2025-07-23,LCID,167
2025-07-23,WOLF,162
2025-07-23,BB,156
2025-07-23,GOOGL,156
2025-07-23,ANY,139
2025-07-23,EU,121
2025-07-23,OPTT,117
2025-07-23,LUNR,113
2025-07-23,AM,111
2025-07-23,HIMS,107
2025-07-23,VOO,106
2025-07-23,UNH,105
2025-07-23,NVAX,105
2025-07-23,RKLB,101
2025-07-23,AMD,90
2025-07-23,QQQ,70
2025-07-23,RR,70
2025-07-23,AMC,59
2025-07-23,PLUG,58
2025-07-23,DTE,56
2025-07-23,SOXL,56
2025-07-23,ASTS,54
2025-07-23,TXN,50
2025-07-23,VTI,50
2025-07-23,GM,48
2025-07-23,KIRK,47
2025-07-23,MSFT,45
2025-07-23,HOOD,42
2025-07-23,SOUN,41
2025-07-23,GME,40
2025-07-23,AAPL,39
2025-07-23,GO,39
2025-07-23,NIO,38
2025-07-23,UP,38
2025-07-23,OG,38
2025-07-23,GPRO,36
2025-07-23,ALL,35
2025-07-23,IT,34
2025-07-23,MSTR,34
2025-07-23,TIGR,33
2025-07-23,NOW,32
2025-07-23,YOU,32
2025-07-23,NCNA,31
2025-07-23,FUBO,31
2025-07-23,BBAI,31
2025-07-23,CC,30
2025-07-23,QS,30
2025-07-23,ON,29
2025-07-23,HTZ,29
2025-07-23,OSCR,29
2025-07-23,UGRO,28
2025-07-23,LMT,28
2025-07-23,ABAT,27
2025-07-23,ABVX,26
2025-07-23,RDDT,26
2025-07-23,BYND,26
2025-07-23,PLTR,25
2025-07-23,FOR,25
2025-07-23,ATYR,25
2025-07-23,VXUS,24
2025-07-23,IQ,23
2025-07-23,SGOV,23
2025-07-23,SCHD,22
2025-07-23,VT,22
2025-07-23,PT,22
2025-07-23,META,22
2025-07-23,OKLO,22
2025-07-23,INTC,21
2025-07-23,IBKR,21
2025-07-23,OR,20
2025-07-23,LINK,20
2025-07-23,GEV,19
2025-07-23,SMCI,19
2025-07-23,GLD,19
2025-07-23,NFLX,18
2025-07-23,AMZN,17
2025-07-23,IWM,17
2025-07-23,MC,17
2025-07-23,ACHR,16
2025-07-23,NCL,16
2025-07-23,CRWV,16
2025-07-23,FWRG,15
2025-07-23,CRCL,15
2025-07-23,MA,15
2025-07-23,MAGA,15
2025-07-23,UPST,15
2025-07-23,DNUT,2585
2025-07-23,OPEN,2147
2025-07-23,RKT,1970
2025-07-23,KSS,571
2025-07-23,CLOV,570
2025-07-23,SPY,503
2025-07-23,TSLA,334
2025-07-23,IOVA,328
2025-07-23,WEN,282
2025-07-23,TLRY,275
2025-07-23,IXHL,218
2025-07-23,BULL,199
2025-07-23,NVDA,181
2025-07-23,GOOG,175
2025-07-23,LCID,166
2025-07-23,WOLF,162
2025-07-23,GOOGL,157
2025-07-23,BB,156
2025-07-23,ANY,139
2025-07-23,EU,121
2025-07-23,OPTT,117
2025-07-23,LUNR,113
2025-07-23,AM,110
2025-07-23,HIMS,108
2025-07-23,UNH,105
2025-07-23,NVAX,105
2025-07-23,VOO,105
2025-07-23,RKLB,101
2025-07-23,AMD,88
2025-07-23,RR,70
2025-07-23,QQQ,69
2025-07-23,AMC,59
2025-07-23,PLUG,58
2025-07-23,DTE,56
2025-07-23,SOXL,56
2025-07-23,ASTS,54
2025-07-23,TXN,50
2025-07-23,VTI,50
2025-07-23,GM,48
2025-07-23,KIRK,47
2025-07-23,MSFT,45
2025-07-23,SOUN,44
2025-07-23,HOOD,42
2025-07-23,GME,40
2025-07-23,GO,39
2025-07-23,AAPL,38
2025-07-23,UP,38
2025-07-23,OG,38
2025-07-23,NIO,37
2025-07-23,GPRO,36
2025-07-23,ALL,35
2025-07-23,MSTR,35
2025-07-23,IT,34
2025-07-23,YOU,33
2025-07-23,TIGR,33
2025-07-23,NOW,32
2025-07-23,FUBO,32
2025-07-23,BBAI,32
2025-07-23,NCNA,31
2025-07-23,CC,30
2025-07-23,ON,29
2025-07-23,QS,29
2025-07-23,HTZ,29
2025-07-23,LMT,28
2025-07-23,OSCR,27
2025-07-23,UGRO,27
2025-07-23,ABVX,26
2025-07-23,ABAT,26
2025-07-23,RDDT,26
2025-07-23,BYND,26
2025-07-23,PLTR,25
2025-07-23,FOR,25
2025-07-23,ATYR,25
2025-07-23,VXUS,24
2025-07-23,IQ,23
2025-07-23,SGOV,23
2025-07-23,SCHD,22
2025-07-23,VT,22
2025-07-23,PT,22
2025-07-23,META,22
2025-07-23,OKLO,22
2025-07-23,INTC,21
2025-07-23,IBKR,21
2025-07-23,OR,20
2025-07-23,LINK,20
2025-07-23,GEV,19
2025-07-23,SMCI,19
2025-07-23,GLD,19
2025-07-23,NFLX,18
2025-07-23,AMZN,17
2025-07-23,IWM,17
2025-07-23,MC,17
2025-07-23,ACHR,16
2025-07-23,NCL,16
2025-07-23,CRWV,16
2025-07-23,CRCL,16
2025-07-23,FWRG,15
2025-07-23,MA,15
2025-07-23,MAGA,15
2025-07-23,UPST,15
2025-07-23,DNUT,2567
2025-07-23,OPEN,2135
2025-07-23,RKT,1965
2025-07-23,CLOV,570
2025-07-23,KSS,568
2025-07-23,SPY,504
2025-07-23,TSLA,333
2025-07-23,IOVA,328
2025-07-23,WEN,282
2025-07-23,TLRY,275
2025-07-23,IXHL,222
2025-07-23,BULL,194
2025-07-23,NVDA,181
2025-07-23,GOOG,173
2025-07-23,LCID,166
2025-07-23,WOLF,162
2025-07-23,GOOGL,156
2025-07-23,BB,154
2025-07-23,ANY,139
2025-07-23,OPTT,123
2025-07-23,EU,121
2025-07-23,LUNR,113
2025-07-23,VOO,113
2025-07-23,AM,109
2025-07-23,HIMS,108
2025-07-23,UNH,107
2025-07-23,NVAX,105
2025-07-23,RKLB,98
2025-07-23,AMD,89
2025-07-23,RR,70
2025-07-23,QQQ,69
2025-07-23,AMC,59
2025-07-23,PLUG,58
2025-07-23,DTE,57
2025-07-23,SOXL,56
2025-07-23,ASTS,54
2025-07-23,TXN,50
2025-07-23,VTI,50
2025-07-23,GM,48
2025-07-23,KIRK,47
2025-07-23,MSFT,45
2025-07-23,SOUN,44
2025-07-23,HOOD,42
2025-07-23,GME,40
2025-07-23,GO,39
2025-07-23,AAPL,38
2025-07-23,UP,38
2025-07-23,OG,38
2025-07-23,NIO,37
2025-07-23,GPRO,36
2025-07-23,ALL,35
2025-07-23,IT,35
2025-07-23,MSTR,35
2025-07-23,NOW,33
2025-07-23,TIGR,33
2025-07-23,YOU,32
2025-07-23,FUBO,32
2025-07-23,BBAI,32
2025-07-23,NCNA,31
2025-07-23,CC,30
2025-07-23,ON,29
2025-07-23,HTZ,29
2025-07-23,LMT,28
2025-07-23,QS,28
2025-07-23,OSCR,27
2025-07-23,ABVX,26
2025-07-23,ABAT,26
2025-07-23,RDDT,26
2025-07-23,BYND,26
2025-07-23,PLTR,25
2025-07-23,SGOV,25
2025-07-23,FOR,25
2025-07-23,UGRO,25
2025-07-23,ATYR,25
2025-07-23,VXUS,24
2025-07-23,VT,24
2025-07-23,IQ,23
2025-07-23,SCHD,22
2025-07-23,META,22
2025-07-23,OKLO,22
2025-07-23,INTC,21
2025-07-23,PT,21
2025-07-23,IBKR,20
2025-07-23,OR,20
2025-07-23,LINK,20
2025-07-23,GEV,19
2025-07-23,SMCI,19
2025-07-23,NFLX,18
2025-07-23,GLD,18
2025-07-23,AMZN,17
2025-07-23,IWM,17
2025-07-23,MC,17
2025-07-23,ACHR,16
2025-07-23,NCL,16
2025-07-23,CRWV,16
2025-07-23,CRCL,16
2025-07-23,FWRG,15
2025-07-23,MA,15
2025-07-23,MAGA,15
2025-07-23,UPST,15
2025-07-23,DNUT,2556
2025-07-23,OPEN,2136
2025-07-23,RKT,1967
2025-07-23,CLOV,577
2025-07-23,KSS,567
2025-07-23,SPY,504
2025-07-23,TSLA,341
2025-07-23,IOVA,329
2025-07-23,WEN,283
2025-07-23,TLRY,275
2025-07-23,IXHL,220
2025-07-23,BULL,190
2025-07-23,NVDA,181
2025-07-23,GOOG,177
2025-07-23,LCID,166
2025-07-23,WOLF,162
2025-07-23,GOOGL,159
2025-07-23,BB,154
2025-07-23,ANY,139
2025-07-23,OPTT,123
2025-07-23,EU,122
2025-07-23,LUNR,113
2025-07-23,VOO,113
2025-07-23,UNH,109
2025-07-23,AM,109
2025-07-23,HIMS,108
2025-07-23,NVAX,105
2025-07-23,RKLB,99
2025-07-23,AMD,89
2025-07-23,QQQ,70
2025-07-23,RR,70
2025-07-23,AMC,59
2025-07-23,PLUG,58
2025-07-23,DTE,57
2025-07-23,SOXL,56
2025-07-23,ASTS,54
2025-07-23,TXN,50
2025-07-23,VTI,50
2025-07-23,GM,48
2025-07-23,KIRK,47
2025-07-23,SOUN,46
2025-07-23,MSFT,45
2025-07-23,HOOD,42
2025-07-23,GME,40
2025-07-23,GO,39
2025-07-23,UP,39
2025-07-23,AAPL,38
2025-07-23,FUBO,38
2025-07-23,OG,38
2025-07-23,NIO,37
2025-07-23,GPRO,36
2025-07-23,ALL,35
2025-07-23,IT,35
2025-07-23,MSTR,35
2025-07-23,NOW,33
2025-07-23,TIGR,33
2025-07-23,YOU,32
2025-07-23,BBAI,32
2025-07-23,CC,30
2025-07-23,NCNA,30
2025-07-23,ON,29
2025-07-23,HTZ,29
2025-07-23,LMT,28
2025-07-23,QS,28
2025-07-23,BYND,26
2025-07-23,OSCR,26
2025-07-23,ABVX,26
2025-07-23,ABAT,26
2025-07-23,UGRO,25
2025-07-23,RDDT,25
2025-07-23,ATYR,25
2025-07-23,PLTR,25
2025-07-23,SGOV,25
2025-07-23,FOR,25
2025-07-23,VXUS,24
2025-07-23,VT,24
2025-07-23,IQ,23
2025-07-23,SCHD,22
2025-07-23,META,22
2025-07-23,OKLO,22
2025-07-23,INTC,21
2025-07-23,PT,21
2025-07-23,IBKR,20
2025-07-23,OR,20
2025-07-23,LINK,20
2025-07-23,GEV,19
2025-07-23,SMCI,19
2025-07-23,NFLX,18
2025-07-23,GLD,18
2025-07-23,AMZN,17
2025-07-23,IWM,17
2025-07-23,MC,17
2025-07-23,ACHR,17
2025-07-23,NCL,16
2025-07-23,CRWV,16
2025-07-23,CRCL,16
2025-07-23,FWRG,15
2025-07-23,MA,15
2025-07-23,AVGO,15
2025-07-23,GL,15
2025-07-24,OPEN,1539
2025-07-24,TSLA,1104
2025-07-24,RKT,598
2025-07-24,GOOG,552
2025-07-24,SPY,516
2025-07-24,CLOV,467
2025-07-24,IXHL,421
2025-07-24,DNUT,367
2025-07-24,GOOGL,336
2025-07-24,UNH,329
2025-07-24,FUBO,241
2025-07-24,KSS,232
2025-07-24,AEO,231
2025-07-24,NVDA,224
2025-07-24,OPTT,209
2025-07-24,IOVA,197
2025-07-24,BB,175
2025-07-24,WEN,163
2025-07-24,SOUN,144
2025-07-24,EU,136
2025-07-24,AMD,128
2025-07-24,HIMS,125
2025-07-24,TLRY,124
2025-07-24,VOO,112
2025-07-24,QQQ,100
2025-07-24,WOLF,93
2025-07-24,ANY,89
2025-07-24,NVAX,82
2025-07-24,BULL,73
2025-07-24,AM,71
2025-07-24,DTE,69
2025-07-24,AVGO,61
2025-07-24,LIDR,59
2025-07-24,LUNR,57
2025-07-24,RKLB,56
2025-07-24,MSFT,55
2025-07-24,PLTR,52
2025-07-24,IBM,51
2025-07-24,IT,51
2025-07-24,HOOD,48
2025-07-24,ASTS,48
2025-07-24,CMG,47
2025-07-24,AIRE,47
2025-07-24,AMZN,44
2025-07-24,LCID,43
2025-07-24,INTC,42
2025-07-24,PLUG,42
2025-07-24,ALL,41
2025-07-24,CC,41
2025-07-24,GME,39
2025-07-24,QS,38
2025-07-24,MSTR,37
2025-07-24,META,36
2025-07-24,NOW,34
2025-07-24,UP,34
2025-07-24,VTI,33
2025-07-24,RDDT,33
2025-07-24,TIGR,31
2025-07-24,AAPL,31
2025-07-24,YOU,31
2025-07-24,OKLO,29
2025-07-24,BBAI,28
2025-07-24,OSCR,27
2025-07-24,SGOV,26
2025-07-24,GM,25
2025-07-24,AMC,25
2025-07-24,RS,24
2025-07-24,MBOT,24
2025-07-24,BABY,24
2025-07-24,AAL,23
2025-07-24,PT,23
2025-07-24,ABAT,22
2025-07-24,ON,21
2025-07-24,IQ,21
2025-07-24,SMCI,20
2025-07-24,GO,20
2025-07-24,FCF,20
2025-07-24,SO,19
2025-07-24,NCNA,19
2025-07-24,APLD,19
2025-07-24,LINK,19
2025-07-24,CRCL,18
2025-07-24,MU,18
2025-07-24,BYD,18
2025-07-24,CVNA,17
2025-07-24,VT,17
2025-07-24,FOR,17
2025-07-24,NBIS,17
2025-07-24,GLP,16
2025-07-24,RR,16
2025-07-24,NFLX,16
2025-07-24,ASML,16
2025-07-24,SOFI,16
2025-07-24,MA,15
2025-07-24,GL,15
2025-07-24,IBKR,15
2025-07-24,OG,15
2025-07-24,DJT,15
2025-07-24,ATYR,15
2025-07-24,TMC,14
2025-07-25,OPEN,1210
2025-07-25,TSLA,567
2025-07-25,SPY,471
2025-07-25,IXHL,471
2025-07-25,UNH,442
2025-07-25,RKT,356
2025-07-25,GOOG,216
2025-07-25,NVDA,216
2025-07-25,INTC,213
2025-07-25,AEO,177
2025-07-25,OPTT,176
2025-07-25,KSS,175
2025-07-25,CLOV,169
2025-07-25,AMD,157
2025-07-25,DNUT,150
2025-07-25,ASTS,147
2025-07-25,GOOGL,136
2025-07-25,SOUN,94
2025-07-25,QQQ,90
2025-07-25,IOVA,89
2025-07-25,LIDR,78
2025-07-25,BULL,75
2025-07-25,BB,74
2025-07-25,FUBO,74
2025-07-25,VOO,72
2025-07-25,DTE,69
2025-07-25,AM,67
2025-07-25,HOOD,59
2025-07-25,WOLF,58
2025-07-25,MSFT,54
2025-07-25,PLTR,53
2025-07-25,EU,52
2025-07-25,RKLB,51
2025-07-25,DECK,51
2025-07-25,AMZN,49
2025-07-25,RDDT,48
2025-07-25,WEN,47
2025-07-25,HIMS,45
2025-07-25,OKLO,44
2025-07-25,NVAX,44
2025-07-25,TLRY,44
2025-07-25,CNC,42
2025-07-25,AIRE,40
2025-07-25,ABAT,40
2025-07-25,AAPL,39
2025-07-25,META,36
2025-07-25,IBM,34
2025-07-25,NCNA,33
2025-07-25,CMG,31
2025-07-25,SGOV,31
2025-07-25,MSTR,28
2025-07-25,YOU,27
2025-07-25,APLD,27
2025-07-25,IT,25
2025-07-25,PLUG,25
2025-07-25,VTI,24
2025-07-25,LCID,24
2025-07-25,SRPT,23
2025-07-25,IBKR,23
2025-07-25,RS,23
2025-07-25,VT,23
2025-07-25,AAL,22
2025-07-25,GM,22
2025-07-25,NOW,22
2025-07-25,GME,22
2025-07-25,OSCR,22
2025-07-25,BBAI,22
2025-07-25,SOWG,22
2025-07-25,ON,21
2025-07-25,CC,21
2025-07-25,ASML,20
2025-07-25,SMCI,20
2025-07-25,UP,20
2025-07-25,RCAT,20
2025-07-25,TMC,19
2025-07-25,RAYA,19
2025-07-25,MU,19
2025-07-25,PT,18
2025-07-25,NFLX,17
2025-07-25,UVXY,17
2025-07-25,ALL,16
2025-07-25,NEM,16
2025-07-25,SO,16
2025-07-25,BE,16
2025-07-25,FOR,16
2025-07-25,UGRO,16
2025-07-25,NBIS,16
2025-07-25,FGI,15
2025-07-25,PR,15
2025-07-25,LUNR,15
2025-07-25,JD,15
2025-07-25,BTBT,15
2025-07-25,AVGO,14
2025-07-25,LULU,14
2025-07-25,SOFI,14
2025-07-25,COUR,14
2025-07-25,GL,13
2025-07-25,CVNA,13
2025-07-25,LINK,13
2025-07-25,RR,13
2025-07-25,NIO,15
2025-07-25,ANY,13
2025-07-25,CRCL,13
2025-07-25,CTM,12
2025-07-25,TSM,12
2025-07-25,CROX,12
2025-07-25,MAGA,12
2025-07-25,ACHR,12
2025-07-25,MBOT,11
2025-07-25,NVTS,11
2025-07-25,AMPX,11
2025-07-25,OSA,11
2025-07-26,SPY,371
2025-07-26,TSLA,308
2025-07-26,OPEN,230
2025-07-26,NVDA,110
2025-07-26,VOO,101
2025-07-26,AMD,97
2025-07-26,UNH,95
2025-07-26,EU,90
2025-07-26,PLTR,86
2025-07-26,IXHL,86
2025-07-26,RKT,75
2025-07-26,INTC,71
2025-07-26,DTE,69
2025-07-26,UUUU,59
2025-07-26,QQQ,58
2025-07-26,HIMS,56
2025-07-26,GOOG,50
2025-07-26,MSFT,45
2025-07-26,DNUT,38
2025-07-26,OPTT,34
2025-07-26,NCNA,34
2025-07-26,ASTS,32
2025-07-26,BULL,32
2025-07-26,VTI,29
2025-07-26,IOVA,28
2025-07-26,YOU,27
2025-07-26,LCID,27
2025-07-26,RDDT,27
2025-07-26,KSS,26
2025-07-26,CC,26
2025-07-26,HOOD,25
2025-07-26,AAPL,24
2025-07-26,MSTR,24
2025-07-26,META,24
2025-07-26,GOOGL,24
2025-07-26,CNC,22
2025-07-26,IT,21
2025-07-26,LIDR,20
2025-07-26,VT,18
2025-07-26,MBOT,18
2025-07-26,ADIL,18
2025-07-26,AM,17
2025-07-26,MAGA,17
2025-07-26,ALL,16
2025-07-26,AEO,16
2025-07-26,SGOV,16
2025-07-26,FUBO,16
2025-07-26,RKLB,16
2025-07-26,ES,14
2025-07-26,SMCI,14
2025-07-26,GME,14
2025-07-26,PR,14
2025-07-26,MP,13
2025-07-26,ABAT,13
2025-07-26,NBIS,13
2025-07-26,AMZN,11
2025-07-26,SF,11
2025-07-26,FOR,11
2025-07-26,UP,11
2025-07-26,CTM,11
2025-07-26,IBM,10
2025-07-26,LMT,10
2025-07-26,GM,10
2025-07-26,SOFI,10
2025-07-26,RS,9
2025-07-26,IWM,9
2025-07-26,CAN,9
2025-07-26,RAYA,9
2025-07-26,LINK,9
2025-07-26,LOT,9
2025-07-26,RR,8
2025-07-26,OKLO,8
2025-07-26,TSM,8
2025-07-26,WW,8
2025-07-26,LULU,8
2025-07-26,IBKR,8
2025-07-26,CVNA,8
2025-07-26,UEC,8
2025-07-26,MULN,8
2025-07-26,APLD,8
2025-07-26,PYPL,7
2025-07-26,IP,7
2025-07-26,NOW,7
2025-07-26,SO,7
2025-07-26,ASML,7
2025-07-26,RIOT,7
2025-07-26,DNN,7
2025-07-26,GLD,7
2025-07-26,TQQQ,7
2025-07-26,LAC,7
2025-07-26,PHIO,7
2025-07-26,SOUN,7
2025-07-26,UGRO,7
2025-07-26,CRWV,7
2025-07-26,DJT,6
2025-07-26,AVGO,6
2025-07-26,CMG,6
2025-07-26,MU,6
2025-07-26,RMD,6
2025-07-26,TD,6
2025-07-27,OPEN,95
2025-07-27,SPY,81
2025-07-27,UNH,69
2025-07-27,IXHL,68
2025-07-27,NVDA,57
2025-07-27,VOO,50
2025-07-27,PLTR,45
2025-07-27,TSLA,39
2025-07-27,EU,39
2025-07-27,VTI,27
2025-07-27,DNUT,26
2025-07-27,UUUU,24
2025-07-27,QQQ,21
2025-07-27,NCNA,21
2025-07-27,DTE,20
2025-07-27,ASTS,20
2025-07-27,RKLB,20
2025-07-27,MSFT,19
2025-07-27,AMD,19
2025-07-27,KSS,18
2025-07-27,CPA,18
2025-07-27,MBOT,18
2025-07-27,IQ,17
2025-07-27,MSTR,17
2025-07-27,CC,16
2025-07-27,GOOGL,16
2025-07-27,SGOV,15
2025-07-27,META,15
2025-07-27,RDDT,15
2025-07-27,AMZN,14
2025-07-27,AAPL,13
2025-07-27,GOOG,13
2025-07-27,JD,12
2025-07-27,VXUS,12
2025-07-27,VT,12
2025-07-27,INTC,11
2025-07-27,ADIL,11
2025-07-27,RR,11
2025-07-27,GE,10
2025-07-27,LUNR,10
2025-07-27,BA,9
2025-07-27,ALL,9
2025-07-27,IT,9
2025-07-27,MAGA,9
2025-07-27,GME,9
2025-07-27,RKT,9
2025-07-27,PR,9
2025-07-27,GM,8
2025-07-27,AM,8
2025-07-27,HOOD,8
2025-07-27,CAN,8
2025-07-27,BBAI,8
2025-07-27,CTM,8
2025-07-27,UGRO,8
2025-07-27,IBM,7
2025-07-27,ES,7
2025-07-27,ETN,7
2025-07-27,RS,7
2025-07-27,FUBO,7
2025-07-27,TMC,7
2025-07-27,ONDS,7
2025-07-27,LINK,7
2025-07-27,NBIS,7
2025-07-27,SMCI,6
2025-07-27,YOU,6
2025-07-27,PT,6
2025-07-27,MP,6
2025-07-27,ME,6
2025-07-27,VXX,6
2025-07-27,LOT,6
2025-07-27,BULL,6
2025-07-27,CNC,5
2025-07-27,NOW,5
2025-07-27,ASML,5
2025-07-27,ON,5
2025-07-27,IOVA,5
2025-07-27,CCJ,5
2025-07-27,DRIP,5
2025-07-27,ITA,5
2025-07-27,AMC,5
2025-07-27,LCID,5
2025-07-27,REE,5
2025-07-27,APLD,5
2025-07-27,SMR,5
2025-07-27,GEV,5
2025-07-27,KO,4
2025-07-27,LMT,4
2025-07-27,EL,4
2025-07-27,LULU,4
2025-07-27,EDIT,4
2025-07-27,UBER,4
2025-07-27,FTC,4
2025-07-27,AMPX,4
2025-07-27,ATYR,4
2025-07-27,CBOE,3
2025-07-27,FOX,3
2025-07-27,ICE,3
2025-07-27,REAL,3
2025-07-27,EOLS,3
2025-07-27,CELH,3
2025-07-28,EU,563
2025-07-28,SPY,408
2025-07-28,OPEN,263
2025-07-28,TSLA,205
2025-07-28,AMD,142
2025-07-28,UNH,133
2025-07-28,NVDA,112
2025-07-28,IXHL,101
2025-07-28,PLTR,72
2025-07-28,GOOG,58
2025-07-28,DTE,55
2025-07-28,QQQ,54
2025-07-28,VOO,52
2025-07-28,ADIL,50
2025-07-28,GOOGL,50
2025-07-28,META,48
2025-07-28,ASML,47
2025-07-28,AM,47
2025-07-28,HOOD,46
2025-07-28,KSS,43
2025-07-28,SMCI,40
2025-07-28,UUUU,40
2025-07-28,RKT,37
2025-07-28,MSTR,35
2025-07-28,RS,33
2025-07-28,NCNA,32
2025-07-28,BULL,31
2025-07-28,LNG,29
2025-07-28,IOVA,28
2025-07-28,AMZN,26
2025-07-28,INTC,26
2025-07-28,MBOT,26
2025-07-28,LIDR,26
2025-07-28,RR,26
2025-07-28,MSFT,24
2025-07-28,RKLB,24
2025-07-28,YOU,23
2025-07-28,ALL,22
2025-07-28,DNUT,22
2025-07-28,CAN,22
2025-07-28,NBIS,21
2025-07-28,VTI,20
2025-07-28,LINK,19
2025-07-28,RDDT,18
2025-07-28,IBKR,17
2025-07-28,AAPL,16
2025-07-28,GM,16
2025-07-28,ASTS,16
2025-07-28,CRCL,16
2025-07-28,IT,15
2025-07-28,SGOV,15
2025-07-28,TLRY,15
2025-07-28,AEO,14
2025-07-28,GLD,13
2025-07-28,LCID,13
2025-07-28,FUBO,13
2025-07-28,CTM,13
2025-07-28,UGRO,13
2025-07-28,SOFI,12
2025-07-28,PR,12
2025-07-28,PLUG,11
2025-07-28,CC,11
2025-07-28,BE,11
2025-07-28,PT,11
2025-07-28,AMPX,11
2025-07-28,BBAI,11
2025-07-28,CRWV,11
2025-07-28,BABA,10
2025-07-28,TDS,10
2025-07-28,VPN,10
2025-07-28,GME,10
2025-07-28,ES,9
2025-07-28,MU,9
2025-07-28,VT,9
2025-07-28,UP,9
2025-07-28,AIRE,9
2025-07-28,DJT,9
2025-07-28,NFLX,8
2025-07-28,SCHD,8
2025-07-28,HIMS,8
2025-07-28,TSM,7
2025-07-28,LMT,7
2025-07-28,IP,7
2025-07-28,JPM,7
2025-07-28,SMH,7
2025-07-28,SOXL,7
2025-07-28,MAGA,7
2025-07-28,IG,7
2025-07-28,TQQQ,7
2025-07-28,MVIS,7
2025-07-28,AR,7
2025-07-28,API,7
2025-07-28,ATYR,7
2025-07-28,BA,6
2025-07-28,IBM,6
2025-07-28,CNC,6
2025-07-28,SO,6
2025-07-28,XXII,6
2025-07-28,AGI,6
2025-07-28,ACHR,6
2025-07-29,UNH,900
2025-07-29,SPY,498
2025-07-29,AMD,456
2025-07-29,NVDA,331
2025-07-29,ADIL,274
2025-07-29,OPEN,230
2025-07-29,SOFI,196
2025-07-29,TSLA,187
2025-07-29,EU,181
2025-07-29,IXHL,150
2025-07-29,NVO,147
2025-07-29,PLTR,136
2025-07-29,QQQ,101
2025-07-29,SMCI,72
2025-07-29,GOOGL,70
2025-07-29,AM,67
2025-07-29,GOOG,65
2025-07-29,DTE,60
2025-07-29,UPS,59
2025-07-29,VOO,54
2025-07-29,HOOD,54
2025-07-29,SPOT,49
2025-07-29,RKT,48
2025-07-29,RDDT,43
2025-07-29,WEN,42
2025-07-29,MSTR,42
2025-07-29,FUBO,41
2025-07-29,META,41
2025-07-29,PYPL,40
2025-07-29,TLRY,38
2025-07-29,MSFT,37
2025-07-29,NCNA,36
2025-07-29,KSS,33
2025-07-29,SBUX,33
2025-07-29,SRPT,33
2025-07-29,ASTS,33
2025-07-29,SGOV,31
2025-07-29,RKLB,31
2025-07-29,BULL,31
2025-07-29,AAPL,30
2025-07-29,BA,27
2025-07-29,AMZN,26
2025-07-29,HIMS,26
2025-07-29,MU,24
2025-07-29,WM,23
2025-07-29,DNUT,23
2025-07-29,VTI,22
2025-07-29,LLY,21
2025-07-29,CNC,21
2025-07-29,CC,21
2025-07-29,CLS,21
2025-07-29,ALL,20
2025-07-29,OPTT,20
2025-07-29,IT,19
2025-07-29,LULU,19
2025-07-29,RS,19
2025-07-29,ASML,18
2025-07-29,UUUU,18
2025-07-29,MBOT,18
2025-07-29,CRWV,18
2025-07-29,RR,16
2025-07-29,NBIS,16
2025-07-29,MA,15
2025-07-29,INTC,15
2025-07-29,AVGO,15
2025-07-29,PR,15
2025-07-29,IBKR,14
2025-07-29,YOU,14
2025-07-29,GLP,14
2025-07-29,VXUS,13
2025-07-29,GLD,13
2025-07-29,VT,13
2025-07-29,BBAI,13
2025-07-29,CRCL,13
2025-07-29,CDNS,12
2025-07-29,IP,11
2025-07-29,AEO,11
2025-07-29,GME,11
2025-07-29,LIDR,11
2025-07-29,SOUN,11
2025-07-29,NFLX,10
2025-07-29,ES,10
2025-07-29,WHR,10
2025-07-29,VRT,10
2025-07-29,LNG,10
2025-07-29,MC,10
2025-07-29,FOR,10
2025-07-29,ACHR,10
2025-07-29,UGRO,10
2025-07-29,WW,9
2025-07-29,IOVA,9
2025-07-29,ET,9
2025-07-29,BND,9
2025-07-29,MARA,9
2025-07-29,XYZ,9
2025-07-29,GM,8
2025-07-29,QS,8
2025-07-29,AMC,8
2025-07-29,MP,8
2025-07-29,ME,8
2025-07-30,UNH,505
2025-07-30,SPY,345
2025-07-30,AMD,287
2025-07-30,IXHL,262
2025-07-30,NVDA,228
2025-07-30,OPEN,211
2025-07-30,SOFI,201
2025-07-30,SBUX,131
2025-07-30,TSLA,128
2025-07-30,QQQ,127
2025-07-30,HOOD,107
2025-07-30,META,105
2025-07-30,NVO,102
2025-07-30,EU,94
2025-07-30,GOOG,87
2025-07-30,DTE,83
2025-07-30,ADIL,81
2025-07-30,MSFT,77
2025-07-30,RDDT,72
2025-07-30,AAPL,68
2025-07-30,GOOGL,68
2025-07-30,AM,66
2025-07-30,BULL,59
2025-07-30,HIMS,52
2025-07-30,MSTR,50
2025-07-30,VOO,47
2025-07-30,NEGG,46
2025-07-30,UPS,44
2025-07-30,PLTR,43
2025-07-30,YOU,43
2025-07-30,MARA,40
2025-07-30,FUBO,39
2025-07-30,CC,37
2025-07-30,DNUT,34
2025-07-30,PYPL,33
2025-07-30,RKLB,33
2025-07-30,VRT,31
2025-07-30,PANW,29
2025-07-30,SMCI,28
2025-07-30,SPOT,28
2025-07-30,SRPT,26
2025-07-30,LCID,26
2025-07-30,LULU,25
2025-07-30,ASTS,25
2025-07-30,RKT,24
2025-07-30,KSS,22
2025-07-30,IT,22
2025-07-30,GLD,21
2025-07-30,CTM,20
2025-07-30,TLT,19
2025-07-30,ACHR,19
2025-07-30,AMZN,18
2025-07-30,ALL,18
2025-07-30,CVNA,18
2025-07-30,RR,18
2025-07-30,LINK,17
2025-07-30,ES,17
2025-07-30,ASML,17
2025-07-30,NCNA,17
2025-07-30,LLY,16
2025-07-30,AEO,16
2025-07-30,VT,16
2025-07-30,OPTT,16
2025-07-30,MBOT,16
2025-07-30,APLD,16
2025-07-30,CRWV,16
2025-07-30,CRCL,15
2025-07-30,IOVA,15
2025-07-30,TTM,15
2025-07-30,UP,15
2025-07-30,WEN,14
2025-07-30,OR,14
2025-07-30,BE,14
2025-07-30,SGOV,14
2025-07-30,FOR,14
2025-07-30,RIVN,14
2025-07-30,BBAI,14
2025-07-30,NBIS,14
2025-07-30,STX,13
2025-07-30,ON,13
2025-07-30,IBKR,13
2025-07-30,UI,13
2025-07-30,VTI,13
2025-07-30,UGRO,13
2025-07-30,GM,12
2025-07-30,SO,12
2025-07-30,VXUS,12
2025-07-30,PR,12
2025-07-30,ARM,12
2025-07-30,OKLO,12
2025-07-30,INTC,11
2025-07-30,MU,11
2025-07-30,NOW,11
2025-07-30,FCF,11
2025-07-30,QS,11
2025-07-30,CAN,11
2025-07-30,MA,10
2025-07-30,GL,10
2025-07-30,WW,10
2025-07-30,MRVL,10
2025-07-31,SPY,609
2025-07-31,MSFT,602
2025-07-31,NVDA,593
2025-07-31,META,571
2025-07-31,UNH,308
2025-07-31,AMD,272
2025-07-31,HOOD,254
2025-07-31,RDDT,223
2025-07-31,IXHL,213
2025-07-31,CVNA,194
2025-07-31,AAPL,193
2025-07-31,QQQ,178
2025-07-31,AMZN,150
2025-07-31,TSLA,147
2025-07-31,OPEN,138
2025-07-31,GOOG,134
2025-07-31,EU,120
2025-07-31,DTE,112
2025-07-31,APLD,100
2025-07-31,GOOGL,95
2025-07-31,NVO,75
2025-07-31,VOO,69
2025-07-31,AM,62
2025-07-31,YOU,60
2025-07-31,HIMS,60
2025-07-31,CRWV,56
2025-07-31,PLTR,52
2025-07-31,RBLX,52
2025-07-31,MSTR,50
2025-07-31,RAYA,48
2025-07-31,FUBO,41
2025-07-31,IT,39
2025-07-31,ASML,39
2025-07-31,SOFI,39
2025-07-31,LULU,37
2025-07-31,ARM,37
2025-07-31,SMCI,34
2025-07-31,PANW,34
2025-07-31,CTM,34
2025-07-31,UGRO,34
2025-07-31,RR,34
2025-07-31,AVGO,32
2025-07-31,ALL,32
2025-07-31,UPS,30
2025-07-31,FOR,30
2025-07-31,IWM,27
2025-07-31,ADIL,27
2025-07-31,INTC,25
2025-07-31,TQQQ,25
2025-07-31,NBIS,25
2025-07-31,BULL,25
2025-07-31,AR,24
2025-07-31,FIGS,24
2025-07-31,MAG,23
2025-07-31,CC,23
2025-07-31,SPOT,22
2025-07-31,RKT,22
2025-07-31,VTI,21
2025-07-31,ASTS,20
2025-07-31,RKLB,20
2025-07-31,NOW,19
2025-07-31,GLD,19
2025-07-31,UP,19
2025-07-31,MU,18
2025-07-31,ON,18
2025-07-31,LNG,18
2025-07-31,VXUS,18
2025-07-31,CRCL,18
2025-07-31,LINK,17
2025-07-31,DJT,17
2025-07-31,OKLO,17
2025-07-31,CVS,17
2025-07-31,MS,17
2025-07-31,QCOM,16
2025-07-31,UI,16
2025-07-31,INTS,16
2025-07-31,LOT,16
2025-07-31,SNAP,15
2025-07-31,PYPL,14
2025-07-31,LLY,14
2025-07-31,LRCX,14
2025-07-31,SO,14
2025-07-31,VVPR,14
2025-07-31,IBKR,14
2025-07-31,OR,14
2025-07-31,NET,14
2025-07-31,NEGG,14
2025-07-31,BBAI,14
2025-07-31,GM,13
2025-07-31,SBUX,13
2025-07-31,IQ,13
2025-07-31,VRT,13
2025-07-31,MAGA,13
2025-07-31,ADBE,12
2025-07-31,TTM,12
2025-07-31,BE,12
2025-07-31,JUST,12
2025-07-31,VT,12
2025-07-31,DNUT,12
2025-07-31,LIDR,12
2025-08-01,RDDT,624
2025-08-01,SPY,617
2025-08-01,UNH,564
2025-08-01,AMZN,445
2025-08-01,AAPL,365
2025-08-01,NVDA,275
2025-08-01,AMD,244
2025-08-01,OPEN,242
2025-08-01,TSLA,194
2025-08-01,MSFT,180
2025-08-01,META,166
2025-08-01,IXHL,154
2025-08-01,RKT,127
2025-08-01,QQQ,118
2025-08-01,HOOD,117
2025-08-01,DTE,109
2025-08-01,MSTR,97
2025-08-01,GOOG,89
2025-08-01,CVNA,87
2025-08-01,PLTR,85
2025-08-01,NVO,76
2025-08-01,VOO,74
2025-08-01,GOOGL,67
2025-08-01,AM,61
2025-08-01,EU,54
2025-08-01,YOU,49
2025-08-01,GLD,47
2025-08-01,CRCL,44
2025-08-01,IT,40
2025-08-01,NET,38
2025-08-01,ASML,35
2025-08-01,UI,33
2025-08-01,CC,31
2025-08-01,BULL,31
2025-08-01,UUUU,29
2025-08-01,RKLB,29
2025-08-01,SOFI,28
2025-08-01,LULU,27
2025-08-01,HIMS,27
2025-08-01,RAYA,27
2025-08-01,ALL,25
2025-08-01,ADBE,24
2025-08-01,RS,24
2025-08-01,SQQQ,23
2025-08-01,NCNA,23
2025-08-01,FOR,23
2025-08-01,INTC,22
2025-08-01,FIGS,22
2025-08-01,NOW,21
2025-08-01,ASTS,20
2025-08-01,UP,20
2025-08-01,UGRO,20
2025-08-01,LINK,19
2025-08-01,CRWV,19
2025-08-01,UPS,19
2025-08-01,GO,19
2025-08-01,PANW,19
2025-08-01,VTI,19
2025-08-01,ADIL,19
2025-08-01,ES,18
2025-08-01,SMCI,18
2025-08-01,ON,18
2025-08-01,APLD,18
2025-08-01,NBIS,18
2025-08-01,ADP,17
2025-08-01,ROKU,17
2025-08-01,ET,17
2025-08-01,TQQQ,17
2025-08-01,MS,16
2025-08-01,MAGA,16
2025-08-01,LLY,15
2025-08-01,BE,15
2025-08-01,IWM,15
2025-08-01,NEGG,15
2025-08-01,DNUT,15
2025-08-01,UVXY,14
2025-08-01,RBLX,14
2025-08-01,LCID,14
2025-08-01,LION,14
2025-08-01,BTAI,13
2025-08-01,NFLX,13
2025-08-01,IBM,13
2025-08-01,GM,13
2025-08-01,ICE,13
2025-08-01,MAG,13
2025-08-01,JUST,13
2025-08-01,RVSN,13
2025-08-01,GLP,13
2025-08-01,FDMT,13
2025-08-01,KSS,12
2025-08-01,SO,12
2025-08-01,RIOT,12
2025-08-01,IQ,12
2025-08-01,IBKR,12
2025-08-01,SOXL,12
2025-08-01,VT,12
2025-08-01,RR,12
2025-08-01,PR,11
2025-08-01,LOT,11
2025-08-01,WAY,11
2025-08-02,UNH,597
2025-08-02,SPY,349
2025-08-02,NVDA,191
2025-08-02,AMD,152
2025-08-02,OPEN,149
2025-08-02,RDDT,149
2025-08-02,TSLA,135
2025-08-02,PLTR,131
2025-08-02,AMZN,97
2025-08-02,AAPL,86
2025-08-02,HOOD,83
2025-08-02,QQQ,79
2025-08-02,MSFT,77
2025-08-02,DTE,64
2025-08-02,VOO,55
2025-08-02,RKT,46
2025-08-02,GLD,43
2025-08-02,AM,41
2025-08-02,MAGA,39
2025-08-02,META,38
2025-08-02,NVO,37
2025-08-02,LULU,36
2025-08-02,ADP,35
2025-08-02,MSTR,35
2025-08-02,GOOG,34
2025-08-02,YOU,34
2025-08-02,ASTS,32
2025-08-02,NCNA,30
2025-08-02,EU,30
2025-08-02,WW,29
2025-08-02,RKLB,27
2025-08-02,VTI,26
2025-08-02,ALL,24
2025-08-02,RS,23
2025-08-02,HIMS,23
2025-08-02,IT,22
2025-08-02,CVNA,20
2025-08-02,NVTS,20
2025-08-02,NOW,18
2025-08-02,SOFI,18
2025-08-02,IXHL,18
2025-08-02,BULL,18
2025-08-02,RR,17
2025-08-02,SMCI,17
2025-08-02,GOOGL,17
2025-08-02,CC,16
2025-08-02,PANW,16
2025-08-02,CTM,16
2025-08-02,TMC,16
2025-08-02,UPS,15
2025-08-02,FOR,15
2025-08-02,UP,15
2025-08-02,RAYA,15
2025-08-02,ICE,14
2025-08-02,GME,14
2025-08-02,EQ,14
2025-08-02,LION,13
2025-08-02,ES,13
2025-08-02,NFLX,12
2025-08-02,SGOV,12
2025-08-02,LINK,12
2025-08-02,DJT,12
2025-08-02,INTC,11
2025-08-02,OR,11
2025-08-02,JUST,11
2025-08-02,TQQQ,11
2025-08-02,ME,11
2025-08-02,IBM,10
2025-08-02,DOW,10
2025-08-02,GL,10
2025-08-02,WEN,10
2025-08-02,AEO,10
2025-08-02,VT,10
2025-08-02,AMC,10
2025-08-02,BBAI,10
2025-08-02,QBTS,10
2025-08-02,WAY,10
2025-08-02,PYPL,9
2025-08-02,LLY,9
2025-08-02,SO,9
2025-08-02,SHOP,9
2025-08-02,TLT,9
2025-08-02,UVXY,9
2025-08-02,DC,9
2025-08-02,JPM,8
2025-08-02,MS,8
2025-08-02,REAL,8
2025-08-02,CNS,8
2025-08-02,BE,8
2025-08-02,SCHG,8
2025-08-02,DNUT,8
2025-08-02,BTAI,8
2025-08-02,OKLO,8
2025-08-02,CRCL,8
2025-08-02,DAY,7
2025-08-02,ORCL,7
2025-08-02,COST,7
2025-08-02,BP,7
2025-08-02,CAT,7
2025-08-02,ASML,7
2025-08-03,UNH,140
2025-08-03,SPY,117
2025-08-03,NVDA,86
2025-08-03,AMD,66
2025-08-03,PLTR,51
2025-08-03,TSLA,45
2025-08-03,OPEN,45
2025-08-03,VOO,44
2025-08-03,EU,39
2025-08-03,AMZN,29
2025-08-03,DTE,27
2025-08-03,MSFT,24
2025-08-03,AAPL,22
2025-08-03,RDDT,22
2025-08-03,QQQ,20
2025-08-03,META,20
2025-08-03,VTI,19
2025-08-03,RKLB,18
2025-08-03,GOOGL,15
2025-08-03,IXHL,15
2025-08-03,GOOG,14
2025-08-03,NVO,14
2025-08-03,AM,14
2025-08-03,ADP,13
2025-08-03,RS,13
2025-08-03,YOU,13
2025-08-03,VGT,12
2025-08-03,MSTR,11
2025-08-03,HOOD,11
2025-08-03,HIMS,11
2025-08-03,ES,10
2025-08-03,VT,10
2025-08-03,ASTS,10
2025-08-03,CVNA,9
2025-08-03,BTAI,9
2025-08-03,CTM,9
2025-08-03,BULL,9
2025-08-03,SMCI,8
2025-08-03,GPRO,8
2025-08-03,RR,8
2025-08-03,NFLX,7
2025-08-03,IT,7
2025-08-03,OR,7
2025-08-03,APP,7
2025-08-03,PR,7
2025-08-03,LUNR,7
2025-08-03,SMC,7
2025-08-03,ALL,6
2025-08-03,CNC,6
2025-08-03,GE,6
2025-08-03,JPM,6
2025-08-03,SRPT,6
2025-08-03,AEO,6
2025-08-03,IBKR,6
2025-08-03,BYD,6
2025-08-03,UGRO,6
2025-08-03,LOT,6
2025-08-03,DJT,6
2025-08-03,AVGO,5
2025-08-03,NOW,5
2025-08-03,CC,5
2025-08-03,UBER,5
2025-08-03,SNAP,5
2025-08-03,GLD,5
2025-08-03,SGOV,5
2025-08-03,UP,5
2025-08-03,ANY,5
2025-08-03,FDMT,5
2025-08-03,API,5
2025-08-03,IP,4
2025-08-03,MS,4
2025-08-03,ASML,4
2025-08-03,TTD,4
2025-08-03,ET,4
2025-08-03,BJ,4
2025-08-03,TQQQ,4
2025-08-03,AR,4
2025-08-03,RKT,4
2025-08-03,LAC,4
2025-08-03,QBTS,4
2025-08-03,RAYA,4
2025-08-03,VOYG,4
2025-08-03,TSM,3
2025-08-03,INTC,3
2025-08-03,CME,3
2025-08-03,DOW,3
2025-08-03,GM,3
2025-08-03,ICE,3
2025-08-03,UPS,3
2025-08-03,WW,3
2025-08-03,VC,3
2025-08-03,MD,3
2025-08-03,SMH,3
2025-08-03,MAGA,3
2025-08-03,VXUS,3
2025-08-03,VB,3
2025-08-03,GME,3
2025-08-03,AMC,3
2025-08-03,SOFI,3
2025-08-03,MP,3
2025-08-04,UNH,343
2025-08-04,SPY,309
2025-08-04,OPEN,177
2025-08-04,PLTR,167
2025-08-04,AMD,145
2025-08-04,TSLA,116
2025-08-04,NVDA,114
2025-08-04,AMZN,83
2025-08-04,RDDT,83
2025-08-04,EU,65
2025-08-04,TMC,63
2025-08-04,AM,57
2025-08-04,DTE,52
2025-08-04,CTM,46
2025-08-04,VOO,44
2025-08-04,QQQ,43
2025-08-04,MSFT,40
2025-08-04,NCNA,37
2025-08-04,AAPL,33
2025-08-04,SMCI,33
2025-08-04,AEO,33
2025-08-04,RKT,32
2025-08-04,BULL,32
2025-08-04,LION,30
2025-08-04,META,29
2025-08-04,BTAI,28
2025-08-04,GLD,27
2025-08-04,HIMS,27
2025-08-04,ADP,26
2025-08-04,HOOD,25
2025-08-04,VT,23
2025-08-04,RKLB,23
2025-08-04,YOU,22
2025-08-04,IXHL,22
2025-08-04,MAGA,20
2025-08-04,VTI,19
2025-08-04,IT,18
2025-08-04,CVNA,18
2025-08-04,GOOGL,18
2025-08-04,BBAI,18
2025-08-04,GOOG,17
2025-08-04,IQ,17
2025-08-04,RS,16
2025-08-04,FOR,16
2025-08-04,JOBY,16
2025-08-04,NVO,15
2025-08-04,ALL,15
2025-08-04,MSTR,15
2025-08-04,ES,14
2025-08-04,ICE,14
2025-08-04,FUBO,14
2025-08-04,UGRO,14
2025-08-04,DJT,14
2025-08-04,PANW,13
2025-08-04,BE,13
2025-08-04,ME,13
2025-08-04,NVTS,13
2025-08-04,LINK,13
2025-08-04,INTC,12
2025-08-04,VGT,12
2025-08-04,LUNR,12
2025-08-04,RR,12
2025-08-04,OS,12
2025-08-04,WEN,11
2025-08-04,AR,11
2025-08-04,MP,11
2025-08-04,OR,10
2025-08-04,VXUS,10
2025-08-04,DNUT,10
2025-08-04,LCID,10
2025-08-04,APP,10
2025-08-04,LLY,9
2025-08-04,ON,9
2025-08-04,CC,9
2025-08-04,SPOT,9
2025-08-04,ASTS,9
2025-08-04,UP,9
2025-08-04,NFLX,8
2025-08-04,NOW,8
2025-08-04,UI,8
2025-08-04,TDS,8
2025-08-04,COMM,8
2025-08-04,PT,8
2025-08-04,GLP,8
2025-08-04,CRCL,8
2025-08-04,FICO,7
2025-08-04,HR,7
2025-08-04,UUUU,7
2025-08-04,BLDE,7
2025-08-04,MA,6
2025-08-04,GM,6
2025-08-04,UPS,6
2025-08-04,JPM,6
2025-08-04,MS,6
2025-08-04,PEG,6
2025-08-04,ASML,6
2025-08-04,GT,6
2025-08-04,IOVA,6
2025-08-04,KMT,6
2025-08-04,BYD,6
2025-08-05,PLTR,787
2025-08-05,SPY,481
2025-08-05,AMD,331
2025-08-05,OPEN,324
2025-08-05,UNH,300
2025-08-05,HIMS,233
2025-08-05,NVDA,224
2025-08-05,AEO,159
2025-08-05,AMZN,141
2025-08-05,TSLA,133
2025-08-05,EU,98
2025-08-05,RDDT,94
2025-08-05,AAPL,88
2025-08-05,BTAI,68
2025-08-05,SMCI,64
2025-08-05,NCNA,63
2025-08-05,BULL,62
2025-08-05,AM,61
2025-08-05,QQQ,61
2025-08-05,HOOD,60
2025-08-05,MSFT,53
2025-08-05,IXHL,51
2025-08-05,DTE,50
2025-08-05,GOOGL,50
2025-08-05,GOOG,48
2025-08-05,VOO,46
2025-08-05,IT,38
2025-08-05,JOBY,36
2025-08-05,RKLB,34
2025-08-05,CC,33
2025-08-05,YOU,33
2025-08-05,NVTS,33
2025-08-05,CTM,32
2025-08-05,ALL,31
2025-08-05,ADAP,29
2025-08-05,NVO,26
2025-08-05,RKT,26
2025-08-05,LCID,26
2025-08-05,SNAP,25
2025-08-05,RS,25
2025-08-05,CAT,24
2025-08-05,UP,24
2025-08-05,META,24
2025-08-05,IQ,23
2025-08-05,DJT,22
2025-08-05,ADBE,21
2025-08-05,UUUU,21
2025-08-05,MSTR,21
2025-08-05,FOR,21
2025-08-05,INTC,20
2025-08-05,ON,20
2025-08-05,OKLO,20
2025-08-05,BYD,19
2025-08-05,IBKR,18
2025-08-05,ET,18
2025-08-05,LINK,18
2025-08-05,KSS,17
2025-08-05,BBAI,17
2025-08-05,CVNA,16
2025-08-05,RCAT,16
2025-08-05,PANW,15
2025-08-05,ASTS,15
2025-08-05,ACHR,15
2025-08-05,NOW,14
2025-08-05,VTI,14
2025-08-05,APP,14
2025-08-05,ME,14
2025-08-05,GP,14
2025-08-05,TMC,14
2025-08-05,LUNR,14
2025-08-05,VRTX,13
2025-08-05,PUMP,13
2025-08-05,CIA,13
2025-08-05,AXON,13
2025-08-05,RDW,13
2025-08-05,LION,13
2025-08-05,CHTR,12
2025-08-05,WEN,12
2025-08-05,TTM,12
2025-08-05,AMPX,12
2025-08-05,ASML,11
2025-08-05,SRPT,11
2025-08-05,VT,11
2025-08-05,MBOT,11
2025-08-05,PROP,11
2025-08-05,WAY,11
2025-08-05,CRCL,11
2025-08-05,VOYG,11
2025-08-05,TSM,10
2025-08-05,AVGO,10
2025-08-05,JPM,10
2025-08-05,MELI,10
2025-08-05,BWXT,10
2025-08-05,CRSP,10
2025-08-05,MAGA,10
2025-08-05,APLD,10
2025-08-05,ONDS,10
2025-08-05,WW,9
2025-08-05,OR,9
2025-08-05,AGI,9
2025-08-06,AMD,1341
2025-08-06,OPEN,768
2025-08-06,UNH,450
2025-08-06,SPY,398
2025-08-06,NVDA,304
2025-08-06,SMCI,296
2025-08-06,PLTR,271
2025-08-06,TSLA,158
2025-08-06,RKT,141
2025-08-06,SNAP,121
2025-08-06,AAPL,119
2025-08-06,NVO,91
2025-08-06,AMZN,89
2025-08-06,AM,86
2025-08-06,RDDT,75
2025-08-06,MSFT,74
2025-08-06,VOO,65
2025-08-06,NCNA,65
2025-08-06,BULL,65
2025-08-06,DTE,59
2025-08-06,QQQ,57
2025-08-06,HIMS,54
2025-08-06,ANET,51
2025-08-06,UBER,51
2025-08-06,SHOP,50
2025-08-06,GOOG,48
2025-08-06,BTAI,47
2025-08-06,EU,46
2025-08-06,ALAB,41
2025-08-06,GOOGL,39
2025-08-06,HOOD,38
2025-08-06,RIVN,37
2025-08-06,AEO,35
2025-08-06,RS,35
2025-08-06,MBOT,33
2025-08-06,META,33
2025-08-06,IXHL,33
2025-08-06,RKLB,32
2025-08-06,APP,31
2025-08-06,INTC,30
2025-08-06,MSTR,30
2025-08-06,UPST,28
2025-08-06,CC,26
2025-08-06,YOU,26
2025-08-06,IT,25
2025-08-06,UUUU,25
2025-08-06,LCID,25
2025-08-06,OKLO,25
2025-08-06,CTM,24
2025-08-06,CVNA,23
2025-08-06,DIS,22
2025-08-06,MCD,22
2025-08-06,IONQ,22
2025-08-06,KSS,20
2025-08-06,UPS,20
2025-08-06,IP,18
2025-08-06,AGI,18
2025-08-06,CRCL,17
2025-08-06,OSCR,16
2025-08-06,IBKR,15
2025-08-06,GO,15
2025-08-06,SOXL,15
2025-08-06,MP,15
2025-08-06,NBIS,15
2025-08-06,LUNR,15
2025-08-06,LION,14
2025-08-06,TSM,14
2025-08-06,ALL,14
2025-08-06,PANW,14
2025-08-06,GME,14
2025-08-06,SOFI,14
2025-08-06,BYD,13
2025-08-06,CLOV,13
2025-08-06,LEU,13
2025-08-06,ZETA,13
2025-08-06,APLD,13
2025-08-06,QBTS,13
2025-08-06,ICE,12
2025-08-06,VXUS,12
2025-08-06,VTI,12
2025-08-06,WMT,11
2025-08-06,ASML,11
2025-08-06,CELH,11
2025-08-06,VT,11
2025-08-06,FOR,11
2025-08-06,SOUN,11
2025-08-06,BBAI,11
2025-08-06,LINK,11
2025-08-06,WAY,10
2025-08-06,ORCL,10
2025-08-06,NFLX,10
2025-08-06,LLY,10
2025-08-06,AVGO,10
2025-08-06,SCHD,10
2025-08-06,IWM,10
2025-08-06,ASTS,10
2025-08-06,UP,10
2025-08-06,ONDS,10
2025-08-06,LMT,9
2025-08-06,ES,9
2025-08-07,SPY,596
2025-08-07,AMD,484
2025-08-07,NVDA,337
2025-08-07,AAPL,321
2025-08-07,PLTR,203
2025-08-07,LLY,187
2025-08-07,APP,160
2025-08-07,UNH,149
2025-08-07,NVO,130
2025-08-07,TSLA,127
2025-08-07,INTC,123
2025-08-07,OPEN,112
2025-08-07,RDDT,112
2025-08-07,AMZN,98
2025-08-07,VOO,91
2025-08-07,NBIS,89
2025-08-07,QQQ,88
2025-08-07,BROS,86
2025-08-07,RKLB,77
2025-08-07,DTE,73
2025-08-07,AM,72
2025-08-07,MSFT,68
2025-08-07,DUOL,65
2025-08-07,EU,65
2025-08-07,TSM,64
2025-08-07,SMCI,64
2025-08-07,GOOG,60
2025-08-07,GOOGL,53
2025-08-07,JOBY,50
2025-08-07,MP,50
2025-08-07,YOU,49
2025-08-07,BULL,45
2025-08-07,UUUU,44
2025-08-07,CELH,42
2025-08-07,ASML,41
2025-08-07,HOOD,41
2025-08-07,LUNR,39
2025-08-07,RDW,38
2025-08-07,FTNT,37
2025-08-07,RKT,34
2025-08-07,ASTS,34
2025-08-07,ELF,32
2025-08-07,MSTR,31
2025-08-07,IXHL,31
2025-08-07,SRPT,30
2025-08-07,CTM,30
2025-08-07,DKNG,28
2025-08-07,CROX,28
2025-08-07,META,28
2025-08-07,KSS,27
2025-08-07,DASH,27
2025-08-07,BTBT,27
2025-08-07,FOR,27
2025-08-07,HIMS,27
2025-08-07,ALL,26
2025-08-07,IT,26
2025-08-07,MAGA,26
2025-08-07,ET,25
2025-08-07,ABNB,25
2025-08-07,IONQ,25
2025-08-07,ONDS,25
2025-08-07,CRWV,23
2025-08-07,WMT,23
2025-08-07,ON,23
2025-08-07,UP,22
2025-08-07,MU,20
2025-08-07,RS,20
2025-08-07,PANW,20
2025-08-07,JD,19
2025-08-07,VT,19
2025-08-07,DNUT,19
2025-08-07,CRCL,19
2025-08-07,MAG,18
2025-08-07,AEO,18
2025-08-07,UBER,18
2025-08-07,UPWK,17
2025-08-07,CC,17
2025-08-07,IBKR,17
2025-08-07,SNAP,17
2025-08-07,IWM,17
2025-08-07,QBTS,17
2025-08-07,DJT,17
2025-08-07,RR,16
2025-08-07,AVGO,16
2025-08-07,ICE,16
2025-08-07,IP,16
2025-08-07,IQ,16
2025-08-07,VST,16
2025-08-07,NCNA,16
2025-08-07,WH,15
2025-08-07,SHOP,15
2025-08-07,CVNA,15
2025-08-07,SOXL,15
2025-08-07,DC,14
2025-08-07,NFLX,13
2025-08-07,LULU,13
2025-08-07,PR,13
2025-08-07,GLD,12
2025-08-07,VTI,12
2025-08-07,GERN,12
2025-08-08,SPY,570
2025-08-08,NVDA,260
2025-08-08,RKLB,253
2025-08-08,AMD,238
2025-08-08,PLTR,235
2025-08-08,TTD,219
2025-08-08,LLY,180
2025-08-08,TSLA,164
2025-08-08,AAPL,124
2025-08-08,SOUN,117
2025-08-08,UNH,106
2025-08-08,OPEN,100
2025-08-08,DTE,95
2025-08-08,QQQ,92
2025-08-08,IXHL,90
2025-08-08,GOOG,83
2025-08-08,MP,82
2025-08-08,MSFT,78
2025-08-08,VOO,76
2025-08-08,RDDT,75
2025-08-08,HOOD,70
2025-08-08,PINS,67
2025-08-08,NVO,61
2025-08-08,FUBO,60
2025-08-08,CTM,56
2025-08-08,AM,55
2025-08-08,INTC,54
2025-08-08,MSTR,54
2025-08-08,ASTS,52
2025-08-08,EU,45
2025-08-08,GOOGL,41
2025-08-08,NBIS,41
2025-08-08,YOU,36
2025-08-08,AMZN,35
2025-08-08,LULU,34
2025-08-08,BULL,34
2025-08-08,CROX,32
2025-08-08,GLD,31
2025-08-08,APP,31
2025-08-08,LION,31
2025-08-08,XYZ,31
2025-08-08,UUUU,30
2025-08-08,VTI,30
2025-08-08,SMCI,28
2025-08-08,DJT,28
2025-08-08,ONDS,27
2025-08-08,TEAM,26
2025-08-08,IT,25
2025-08-08,ICHR,25
2025-08-08,IOVA,24
2025-08-08,TEM,24
2025-08-08,RR,23
2025-08-08,WEN,23
2025-08-08,NCNA,23
2025-08-08,TTWO,22
2025-08-08,CRCL,22
2025-08-08,AMPX,21
2025-08-08,VT,21
2025-08-08,HIMS,21
2025-08-08,RDW,20
2025-08-08,GLP,20
2025-08-08,BBAI,20
2025-08-08,SMR,19
2025-08-08,ALL,19
2025-08-08,MU,19
2025-08-08,META,19
2025-08-08,NOW,18
2025-08-08,PANW,18
2025-08-08,MBOT,18
2025-08-08,SOFI,18
2025-08-08,FTNT,17
2025-08-08,KTOS,17
2025-08-08,OKLO,17
2025-08-08,IQ,16
2025-08-08,CC,16
2025-08-08,TQQQ,16
2025-08-08,ABCL,16
2025-08-08,DUOL,16
2025-08-08,VKTX,16
2025-08-08,DNUT,15
2025-08-08,ACHR,15
2025-08-08,CRWV,15
2025-08-08,LUNR,14
2025-08-08,RS,14
2025-08-08,UP,14
2025-08-08,GM,13
2025-08-08,ON,13
2025-08-08,SNOW,13
2025-08-08,TSM,12
2025-08-08,ES,12
2025-08-08,CRWD,12
2025-08-08,TMC,12
2025-08-08,ICE,11
2025-08-08,JPM,11
2025-08-08,SRPT,11
2025-08-08,TWLO,11
2025-08-08,OR,11
2025-08-08,RKT,11
2025-08-08,CAN,11
2025-08-08,FOR,11
2025-08-09,SPY,304
2025-08-09,AAPL,216
2025-08-09,AMD,151
2025-08-09,NVDA,136
2025-08-09,TSLA,125
2025-08-09,PLTR,105
2025-08-09,DTE,92
2025-08-09,LLY,85
2025-08-09,UNH,82
2025-08-09,VOO,74
2025-08-09,QQQ,61
2025-08-09,TTD,57
2025-08-09,GOOG,55
2025-08-09,OPEN,55
2025-08-09,AMZN,40
2025-08-09,MSFT,38
2025-08-09,CTM,34
2025-08-09,RDDT,33
2025-08-09,HOOD,31
2025-08-09,GOOGL,31
2025-08-09,VTI,29
2025-08-09,NCNA,27
2025-08-09,RKLB,25
2025-08-09,META,25
2025-08-09,MSTR,24
2025-08-09,BULL,24
2025-08-09,AM,22
2025-08-09,YOU,22
2025-08-09,TLT,20
2025-08-09,SOUN,20
2025-08-09,IXHL,20
2025-08-09,EU,20
2025-08-09,NBIS,20
2025-08-09,RR,19
2025-08-09,ASTS,19
2025-08-09,NVO,18
2025-08-09,LULU,18
2025-08-09,ONDS,18
2025-08-09,GLD,17
2025-08-09,IQ,16
2025-08-09,CC,16
2025-08-09,OKLO,16
2025-08-09,CRWV,15
2025-08-09,INTC,15
2025-08-09,SGOV,15
2025-08-09,CAVA,15
2025-08-09,ACHR,14
2025-08-09,AVGO,12
2025-08-09,IT,12
2025-08-09,VT,12
2025-08-09,CRCL,12
2025-08-09,FNMA,11
2025-08-09,XYZ,11
2025-08-09,ES,11
2025-08-09,ICE,11
2025-08-09,NOW,11
2025-08-09,PANW,11
2025-08-09,VGT,11
2025-08-09,BBAI,11
2025-08-09,GLW,10
2025-08-09,SNOW,10
2025-08-09,VXUS,10
2025-08-09,TQQQ,9
2025-08-09,EVER,9
2025-08-09,TSM,8
2025-08-09,ALL,8
2025-08-09,CMG,8
2025-08-09,FTNT,8
2025-08-09,MAG,8
2025-08-09,CVNA,8
2025-08-09,SCHD,8
2025-08-09,UVXY,8
2025-08-09,CAN,8
2025-08-09,UP,8
2025-08-09,FUBO,8
2025-08-09,PT,8
2025-08-09,MP,8
2025-08-09,APP,8
2025-08-09,RDW,8
2025-08-09,ZIP,8
2025-08-09,ME,8
2025-08-09,LINK,8
2025-08-09,FMCC,8
2025-08-09,WAY,7
2025-08-09,MU,7
2025-08-09,ON,7
2025-08-09,KMT,7
2025-08-09,CROX,7
2025-08-09,UUUU,7
2025-08-09,RS,7
2025-08-09,OR,7
2025-08-09,IWM,7
2025-08-09,NEGG,7
2025-08-09,HIMS,7
2025-08-09,BTAI,7
2025-08-09,NFLX,6
2025-08-09,DOW,6
2025-08-09,ASML,6
2025-08-09,WW,6
2025-08-09,GO,6
2025-08-10,SPY,95
2025-08-10,NVDA,70
2025-08-10,PLTR,50
2025-08-10,VOO,49
2025-08-10,AMD,41
2025-08-10,QQQ,34
2025-08-10,TSLA,29
2025-08-10,HOOD,28
2025-08-10,UNH,25
2025-08-10,VTI,24
2025-08-10,DTE,23
2025-08-10,EU,23
2025-08-10,AAPL,22
2025-08-10,RDDT,22
2025-08-10,CTM,20
2025-08-10,MSFT,19
2025-08-10,GOOG,18
2025-08-10,ALL,12
2025-08-10,VXUS,12
2025-08-10,VT,12
2025-08-10,SGOV,12
2025-08-10,OPEN,12
2025-08-10,GOOGL,12
2025-08-10,MSCI,11
2025-08-10,RMD,11
2025-08-10,AGI,11
2025-08-10,NBIS,11
2025-08-10,TTD,10
2025-08-10,MSTR,10
2025-08-10,BBAI,10
2025-08-10,ASIC,10
2025-08-10,NCNA,9
2025-08-10,ASTS,9
2025-08-10,ONDS,9
2025-08-10,LLY,8
2025-08-10,TQQQ,8
2025-08-10,QQQM,8
2025-08-10,RR,8
2025-08-10,DJT,8
2025-08-10,OKLO,8
2025-08-10,BULL,8
2025-08-10,ICE,7
2025-08-10,MU,7
2025-08-10,IT,7
2025-08-10,ASML,7
2025-08-10,AM,7
2025-08-10,MSOS,7
2025-08-10,TLT,7
2025-08-10,MBOT,7
2025-08-10,IBKR,6
2025-08-10,QS,6
2025-08-10,AMZN,5
2025-08-10,REGN,5
2025-08-10,LULU,5
2025-08-10,BE,5
2025-08-10,VUG,5
2025-08-10,SCHD,5
2025-08-10,HYS,5
2025-08-10,SOFI,5
2025-08-10,OG,5
2025-08-10,RGTI,5
2025-08-10,DC,5
2025-08-10,LINK,5
2025-08-10,ES,4
2025-08-10,NOW,4
2025-08-10,VC,4
2025-08-10,UUUU,4
2025-08-10,ET,4
2025-08-10,AMC,4
2025-08-10,YOU,4
2025-08-10,MP,4
2025-08-10,RKLB,4
2025-08-10,RCAT,4
2025-08-10,META,4
2025-08-10,API,4
2025-08-10,AMPX,4
2025-08-10,TMC,4
2025-08-10,PR,4
2025-08-10,HG,4
2025-08-10,FNMA,4
2025-08-10,UAMY,4
2025-08-10,MA,3
2025-08-10,TSM,3
2025-08-10,INTC,3
2025-08-10,AVGO,3
2025-08-10,ANET,3
2025-08-10,IP,3
2025-08-10,IQ,3
2025-08-10,TDS,3
2025-08-10,SHOP,3
2025-08-10,HBM,3
2025-08-10,JD,3
2025-08-10,QLD,3
2025-08-10,DAX,3
2025-08-10,FTEC,3
2025-08-10,VGT,3
2025-08-10,SPMO,3
2025-08-10,VB,3
2025-08-10,BTBT,3
2025-08-10,FOR,3
2025-08-11,NVDA,304
2025-08-11,AMD,288
2025-08-11,SPY,174
2025-08-11,TSLA,125
2025-08-11,UNH,99
2025-08-11,PLTR,96
2025-08-11,DC,76
2025-08-11,QQQ,73
2025-08-11,VOO,62
2025-08-11,INTC,61
2025-08-11,HOOD,58
2025-08-11,CTM,52
2025-08-11,MSTR,46
2025-08-11,LLY,44
2025-08-11,RDDT,43
2025-08-11,AAPL,40
2025-08-11,RKLB,40
2025-08-11,MNDY,39
2025-08-11,BULL,39
2025-08-11,ASTS,35
2025-08-11,RS,34
2025-08-11,GOOG,33
2025-08-11,DTE,33
2025-08-11,AM,32
2025-08-11,OPEN,32
2025-08-11,BBAI,31
2025-08-11,NBIS,31
2025-08-11,AMC,30
2025-08-11,CRWV,30
2025-08-11,SOUN,29
2025-08-11,GOOGL,27
2025-08-11,MSFT,26
2025-08-11,LULU,25
2025-08-11,ROOT,23
2025-08-11,IXHL,23
2025-08-11,TLRY,22
2025-08-11,CRCL,22
2025-08-11,ONDS,21
2025-08-11,MU,20
2025-08-11,VTI,20
2025-08-11,OKLO,20
2025-08-11,NVO,19
2025-08-11,BTAI,19
2025-08-11,YOU,18
2025-08-11,SOFI,18
2025-08-11,LUNR,18
2025-08-11,META,17
2025-08-11,MP,16
2025-08-11,IOBT,16
2025-08-11,AMZN,15
2025-08-11,ACHR,15
2025-08-11,MVST,14
2025-08-11,EU,14
2025-08-11,ALL,13
2025-08-11,IBKR,13
2025-08-11,EA,12
2025-08-11,VVPR,12
2025-08-11,GLD,12
2025-08-11,TTD,11
2025-08-11,MAGA,11
2025-08-11,MBOT,11
2025-08-11,IQ,10
2025-08-11,ET,10
2025-08-11,NCNA,10
2025-08-11,RGTI,10
2025-08-11,API,10
2025-08-11,COST,9
2025-08-11,CC,9
2025-08-11,VT,9
2025-08-11,VGT,9
2025-08-11,HIMS,9
2025-08-11,SKYX,9
2025-08-11,NFLX,8
2025-08-11,MSCI,8
2025-08-11,IT,8
2025-08-11,PEG,8
2025-08-11,ASML,8
2025-08-11,AGI,8
2025-08-11,VXUS,8
2025-08-11,QQQM,8
2025-08-11,IONQ,8
2025-08-11,RR,8
2025-08-11,ES,7
2025-08-11,GE,7
2025-08-11,MSOS,7
2025-08-11,TLT,7
2025-08-11,GME,7
2025-08-11,LMND,7
2025-08-11,CAN,7
2025-08-11,LINK,7
2025-08-11,AMAT,6
2025-08-11,CRM,6
2025-08-11,WW,6
2025-08-11,KTOS,6
2025-08-11,UUUU,6
2025-08-11,OR,6
2025-08-11,FOR,6
2025-08-11,XYZ,6
2025-08-11,MA,5
2025-08-11,CME,5
2025-08-12,SPY,400
2025-08-12,BBAI,356
2025-08-12,NVDA,219
2025-08-12,ASTS,174
2025-08-12,TSLA,173
2025-08-12,TLRY,159
2025-08-12,PLTR,144
2025-08-12,AMD,137
2025-08-12,OPEN,127
2025-08-12,RDDT,105
2025-08-12,ACHR,103
2025-08-12,OKLO,103
2025-08-12,UNH,97
2025-08-12,INTC,86
2025-08-12,CRCL,76
2025-08-12,DC,73
2025-08-12,QQQ,62
2025-08-12,BTAI,62
2025-08-12,DTE,59
2025-08-12,AM,45
2025-08-12,MVST,39
2025-08-12,ONDS,39
2025-08-12,MSFT,38
2025-08-12,MSOS,38
2025-08-12,LULU,37
2025-08-12,CC,37
2025-08-12,YOU,37
2025-08-12,HOOD,36
2025-08-12,CRWV,36
2025-08-12,VOO,34
2025-08-12,AAPL,33
2025-08-12,SOUN,33
2025-08-12,CTM,32
2025-08-12,BULL,32
2025-08-12,TTD,30
2025-08-12,MSTR,29
2025-08-12,NBIS,28
2025-08-12,LLY,26
2025-08-12,NCNA,26
2025-08-12,RR,26
2025-08-12,RKLB,22
2025-08-12,IT,21
2025-08-12,KSS,20
2025-08-12,RS,20
2025-08-12,GOOGL,20
2025-08-12,NOW,19
2025-08-12,SOFI,19
2025-08-12,FOR,19
2025-08-12,UP,19
2025-08-12,META,19
2025-08-12,AMZN,18
2025-08-12,GOOG,18
2025-08-12,TDS,17
2025-08-12,IXHL,17
2025-08-12,ON,16
2025-08-12,IQ,16
2025-08-12,IBKR,16
2025-08-12,EU,16
2025-08-12,CAVA,16
2025-08-12,IWM,15
2025-08-12,MNDY,15
2025-08-12,LINK,15
2025-08-12,IBM,14
2025-08-12,ALL,14
2025-08-12,CRM,14
2025-08-12,ICE,13
2025-08-12,ET,13
2025-08-12,RGTI,13
2025-08-12,DJT,13
2025-08-12,MU,12
2025-08-12,IP,11
2025-08-12,BE,11
2025-08-12,SGOV,11
2025-08-12,ONON,11
2025-08-12,ME,11
2025-08-12,RAYA,11
2025-08-12,WAY,11
2025-08-12,MA,10
2025-08-12,GLD,10
2025-08-12,TLT,10
2025-08-12,RKT,10
2025-08-12,DUOL,10
2025-08-12,JOBY,10
2025-08-12,HIMS,10
2025-08-12,ADBE,9
2025-08-12,GE,9
2025-08-12,SMCI,9
2025-08-12,AMC,9
2025-08-12,PROP,9
2025-08-12,ADP,8
2025-08-12,GL,8
2025-08-12,JPM,8
2025-08-12,BB,8
2025-08-12,MAGA,8
2025-08-12,MJ,8
2025-08-12,CIA,8
2025-08-12,RDW,8
2025-08-12,DAY,8
2025-08-12,LOT,8
2025-08-12,SAP,7
2025-08-13,SPY,537
2025-08-13,CAVA,298
2025-08-13,NVDA,258
2025-08-13,CRWV,196
2025-08-13,AMD,195
2025-08-13,UNH,154
2025-08-13,PLTR,148
2025-08-13,OPEN,121
2025-08-13,TSLA,109
2025-08-13,MSTR,99
2025-08-13,QQQ,93
2025-08-13,DTE,79
2025-08-13,HOOD,76
2025-08-13,RDDT,73
2025-08-13,AAPL,71
2025-08-13,RGTI,71
2025-08-13,BBAI,63
2025-08-13,AM,62
2025-08-13,BULL,58
2025-08-13,RKT,57
2025-08-13,ASTS,57
2025-08-13,INTC,55
2025-08-13,AMZN,52
2025-08-13,TLRY,51
2025-08-13,NBIS,48
2025-08-13,META,47
2025-08-13,OKLO,46
2025-08-13,CRCL,45
2025-08-13,SOFI,44
2025-08-13,BTAI,44
2025-08-13,ATNF,37
2025-08-13,LLY,36
2025-08-13,GOOG,35
2025-08-13,ONDS,35
2025-08-13,VOO,34
2025-08-13,GOOGL,34
2025-08-13,MSFT,29
2025-08-13,DC,28
2025-08-13,IWM,27
2025-08-13,YOU,27
2025-08-13,IXHL,27
2025-08-13,CC,23
2025-08-13,VTI,22
2025-08-13,SGOV,22
2025-08-13,UPS,21
2025-08-13,LULU,21
2025-08-13,IBKR,21
2025-08-13,CSCO,20
2025-08-13,MU,19
2025-08-13,XFOR,19
2025-08-13,CVNA,19
2025-08-13,ACHR,19
2025-08-13,IQ,18
2025-08-13,CTM,18
2025-08-13,ASML,17
2025-08-13,SMCI,17
2025-08-13,MBOT,17
2025-08-13,HIMS,17
2025-08-13,SOUN,17
2025-08-13,CMG,16
2025-08-13,FOR,16
2025-08-13,RKLB,16
2025-08-13,EU,16
2025-08-13,LINK,16
2025-08-13,NOW,15
2025-08-13,IT,15
2025-08-13,TTD,15
2025-08-13,VT,15
2025-08-13,CAN,15
2025-08-13,ADBE,14
2025-08-13,ADP,14
2025-08-13,TDS,14
2025-08-13,UP,14
2025-08-13,IBM,13
2025-08-13,RR,13
2025-08-13,AVGO,12
2025-08-13,ON,12
2025-08-13,AGI,12
2025-08-13,SOXL,12
2025-08-13,ALL,11
2025-08-13,KSS,11
2025-08-13,CRM,11
2025-08-13,BABA,11
2025-08-13,MSOS,11
2025-08-13,PT,11
2025-08-13,MP,11
2025-08-13,PANW,10
2025-08-13,COR,10
2025-08-13,BE,10
2025-08-13,GME,10
2025-08-13,ROOT,10
2025-08-13,RS,9
2025-08-13,UAE,9
2025-08-13,LMND,9
2025-08-13,TMC,9
2025-08-13,LOT,9
2025-08-13,TEM,9
2025-08-13,NFLX,8
2025-08-13,CME,8
2025-08-13,EA,8
2025-08-14,SPY,468
2025-08-14,RDDT,293
2025-08-14,UNH,242
2025-08-14,NVDA,230
2025-08-14,AMD,221
2025-08-14,OPEN,131
2025-08-14,RKT,129
2025-08-14,TLRY,121
2025-08-14,HOOD,102
2025-08-14,QQQ,93
2025-08-14,TSLA,90
2025-08-14,PLTR,90
2025-08-14,CRWV,89
2025-08-14,AAPL,80
2025-08-14,CSCO,79
2025-08-14,AMZN,76
2025-08-14,GOOG,76
2025-08-14,VOO,75
2025-08-14,DTE,67
2025-08-14,GOOGL,65
2025-08-14,MSTR,64
2025-08-14,MSFT,63
2025-08-14,KSS,61
2025-08-14,IWM,49
2025-08-14,INTC,41
2025-08-14,NEGG,40
2025-08-14,CAVA,37
2025-08-14,LUNR,36
2025-08-14,CRCL,36
2025-08-14,BULL,35
2025-08-14,MSOS,34
2025-08-14,WULF,33
2025-08-14,LULU,29
2025-08-14,AM,29
2025-08-14,LLY,28
2025-08-14,BTAI,27
2025-08-14,XPON,26
2025-08-14,RGTI,25
2025-08-14,EU,24
2025-08-14,RKLB,23
2025-08-14,NBIS,23
2025-08-14,IBKR,22
2025-08-14,YOU,22
2025-08-14,VTI,21
2025-08-14,IXHL,21
2025-08-14,ALL,20
2025-08-14,ES,19
2025-08-14,ADBE,18
2025-08-14,CROX,18
2025-08-14,SOFI,18
2025-08-14,ICE,17
2025-08-14,IT,17
2025-08-14,CC,17
2025-08-14,ASTS,17
2025-08-14,AEO,16
2025-08-14,RS,16
2025-08-14,TLT,16
2025-08-14,ROOT,16
2025-08-14,META,16
2025-08-14,NOW,15
2025-08-14,UPS,15
2025-08-14,COHR,15
2025-08-14,VT,15
2025-08-14,UP,15
2025-08-14,MP,15
2025-08-14,EA,14
2025-08-14,DC,14
2025-08-14,SGOV,13
2025-08-14,LMND,13
2025-08-14,AMAT,12
2025-08-14,MU,12
2025-08-14,JD,12
2025-08-14,CAN,12
2025-08-14,FOR,12
2025-08-14,ME,12
2025-08-14,SMCI,11
2025-08-14,SRPT,11
2025-08-14,DE,10
2025-08-14,SO,10
2025-08-14,TTD,10
2025-08-14,BE,10
2025-08-14,MAGA,10
2025-08-14,SOUN,10
2025-08-14,CTM,10
2025-08-14,QUBT,10
2025-08-14,DJT,10
2025-08-14,OKLO,9
2025-08-14,LION,9
2025-08-14,WRD,9
2025-08-14,JPM,9
2025-08-14,WW,9
2025-08-14,DNN,9
2025-08-14,UI,9
2025-08-14,OR,9
2025-08-14,DLO,9
2025-08-14,MNTS,9
2025-08-14,BBAI,9
2025-08-14,NVO,8
2025-08-14,ON,8
2025-08-14,SNAP,8
2025-08-15,UNH,1606
2025-08-15,OPEN,549
2025-08-15,SPY,382
2025-08-15,INTC,362
2025-08-15,NVDA,231
2025-08-15,CRWV,171
2025-08-15,AMD,153
2025-08-15,RDDT,126
2025-08-15,AMAT,125
2025-08-15,PLTR,107
2025-08-15,DTE,101
2025-08-15,CAT,87
2025-08-15,AMZN,85
2025-08-15,TSLA,82
2025-08-15,HOOD,81
2025-08-15,QQQ,79
2025-08-15,CC,74
2025-08-15,NEGG,62
2025-08-15,MSFT,61
2025-08-15,LLY,57
2025-08-15,VOO,54
2025-08-15,AM,52
2025-08-15,WULF,51
2025-08-15,GOOGL,49
2025-08-15,GOOG,47
2025-08-15,BULL,46
2025-08-15,HIMS,44
2025-08-15,PGEN,43
2025-08-15,CRCL,42
2025-08-15,AAPL,40
2025-08-15,LULU,39
2025-08-15,NU,35
2025-08-15,TLRY,34
2025-08-15,MSTR,32
2025-08-15,OXY,31
2025-08-15,ASML,31
2025-08-15,KSS,30
2025-08-15,CSX,29
2025-08-15,UPS,28
2025-08-15,YOU,28
2025-08-15,GM,27
2025-08-15,RKT,27
2025-08-15,META,27
2025-08-15,CNC,26
2025-08-15,MP,26
2025-08-15,ASTS,25
2025-08-15,RKLB,25
2025-08-15,KULR,24
2025-08-15,RGTI,24
2025-08-15,NBIS,24
2025-08-15,FOR,23
2025-08-15,NVO,22
2025-08-15,TTD,22
2025-08-15,UP,22
2025-08-15,DFLI,22
2025-08-15,LUNR,22
2025-08-15,BTAI,21
2025-08-15,CTM,21
2025-08-15,IT,19
2025-08-15,RBLX,19
2025-08-15,IXHL,19
2025-08-15,TSM,18
2025-08-15,NRXP,18
2025-08-15,TMC,18
2025-08-15,WB,17
2025-08-15,VTI,17
2025-08-15,SOFI,17
2025-08-15,CAVA,17
2025-08-15,ALL,16
2025-08-15,IBKR,16
2025-08-15,OSCR,16
2025-08-15,DC,16
2025-08-15,NOW,15
2025-08-15,BB,15
2025-08-15,EU,15
2025-08-15,IWM,14
2025-08-15,OR,13
2025-08-15,MU,12
2025-08-15,ON,12
2025-08-15,FTC,12
2025-08-15,IBM,11
2025-08-15,UI,11
2025-08-15,JD,11
2025-08-15,RR,11
2025-08-15,ABAT,10
2025-08-15,OS,10
2025-08-15,ES,10
2025-08-15,MAG,10
2025-08-15,MAGA,10
2025-08-15,WMT,9
2025-08-15,NFLX,9
2025-08-15,AVGO,9
2025-08-15,SO,9
2025-08-15,ET,9
2025-08-15,SOXL,9
2025-08-15,MBOT,9
2025-08-15,PT,9
2025-08-15,RCAT,9
2025-08-15,DJT,9
2025-08-15,LINK,8
2025-08-16,UNH,473
2025-08-16,SPY,212
2025-08-16,INTC,130
2025-08-16,NVDA,121
2025-08-16,OPEN,121
2025-08-16,NVO,98
2025-08-16,AMD,94
2025-08-16,DTE,58
2025-08-16,RDDT,54
2025-08-16,GOOG,49
2025-08-16,LLY,48
2025-08-16,PLTR,43
2025-08-16,VOO,41
2025-08-16,HOOD,41
2025-08-16,CC,38
2025-08-16,MSTR,37
2025-08-16,TSLA,36
2025-08-16,DJT,33
2025-08-16,QQQ,29
2025-08-16,CRWV,29
2025-08-16,GOOGL,24
2025-08-16,AM,23
2025-08-16,BULL,23
2025-08-16,PGEN,22
2025-08-16,VTI,22
2025-08-16,PANW,21
2025-08-16,AMAT,20
2025-08-16,ASTS,20
2025-08-16,UPS,19
2025-08-16,MSFT,18
2025-08-16,MCD,18
2025-08-16,RKLB,18
2025-08-16,NRXP,17
2025-08-16,AAPL,16
2025-08-16,AMZN,15
2025-08-16,IT,15
2025-08-16,WEN,15
2025-08-16,META,15
2025-08-16,EU,15
2025-08-16,TNXP,14
2025-08-16,RBLX,14
2025-08-16,CTM,14
2025-08-16,CNC,13
2025-08-16,ASML,13
2025-08-16,HIMS,13
2025-08-16,BTAI,13
2025-08-16,SRPT,12
2025-08-16,ALL,11
2025-08-16,CAT,11
2025-08-16,VT,11
2025-08-16,YOU,11
2025-08-16,SOFI,11
2025-08-16,NOW,10
2025-08-16,LULU,10
2025-08-16,MP,10
2025-08-16,CRCL,10
2025-08-16,GLOB,9
2025-08-16,VXUS,9
2025-08-16,NEGG,9
2025-08-16,WULF,9
2025-08-16,BABA,8
2025-08-16,GO,8
2025-08-16,CVNA,8
2025-08-16,TLRY,8
2025-08-16,UP,8
2025-08-16,OS,8
2025-08-16,GM,7
2025-08-16,ICE,7
2025-08-16,MU,7
2025-08-16,TTD,7
2025-08-16,ON,7
2025-08-16,ET,7
2025-08-16,SGOV,7
2025-08-16,OSCR,7
2025-08-16,IXHL,7
2025-08-16,CAVA,7
2025-08-16,NBIS,7
2025-08-16,WMT,6
2025-08-16,HD,6
2025-08-16,NFLX,6
2025-08-16,AVGO,6
2025-08-16,DOW,6
2025-08-16,ES,6
2025-08-16,GL,6
2025-08-16,QQQM,6
2025-08-16,WWR,6
2025-08-16,RKT,6
2025-08-16,ROOT,6
2025-08-16,RCAT,6
2025-08-16,PR,6
2025-08-16,DC,6
2025-08-16,DAY,6
2025-08-16,FLYE,6
2025-08-16,IP,5
2025-08-16,RE,5
2025-08-16,TGT,5
2025-08-16,WB,5
2025-08-16,RUN,5
2025-08-16,FSLR,5
2025-08-16,EDIT,5
2025-08-17,UNH,111
2025-08-17,SPY,75
2025-08-17,AMD,61
2025-08-17,NVDA,38
2025-08-17,OPEN,34
2025-08-17,DTE,32
2025-08-17,QQQ,32
2025-08-17,INTC,31
2025-08-17,RDDT,25
2025-08-17,NVO,21
2025-08-17,CC,20
2025-08-17,VOO,20
2025-08-17,PLTR,19
2025-08-17,META,18
2025-08-17,TSLA,17
2025-08-17,GOOG,15
2025-08-17,HOOD,15
2025-08-17,FNMA,14
2025-08-17,PANW,13
2025-08-17,UPS,12
2025-08-17,AM,12
2025-08-17,MSTR,12
2025-08-17,RBLX,12
2025-08-17,NRXP,12
2025-08-17,IXHL,12
2025-08-17,RS,11
2025-08-17,VTI,11
2025-08-17,PR,11
2025-08-17,DJT,11
2025-08-17,CNC,10
2025-08-17,CTM,10
2025-08-17,EU,10
2025-08-17,VT,9
2025-08-17,TQQQ,9
2025-08-17,APLD,9
2025-08-17,DC,9
2025-08-17,FMCC,9
2025-08-17,MA,8
2025-08-17,SOXL,8
2025-08-17,SQQQ,8
2025-08-17,GOOGL,8
2025-08-17,NBIS,8
2025-08-17,AAPL,7
2025-08-17,ES,7
2025-08-17,ET,7
2025-08-17,VXUS,7
2025-08-17,YOU,7
2025-08-17,BULL,7
2025-08-17,MSFT,6
2025-08-17,IP,6
2025-08-17,IT,6
2025-08-17,ON,6
2025-08-17,IQ,6
2025-08-17,UI,6
2025-08-17,ATR,6
2025-08-17,MBOT,6
2025-08-17,ONDS,6
2025-08-17,ALL,5
2025-08-17,AMAT,5
2025-08-17,AGI,5
2025-08-17,GEO,5
2025-08-17,NEGG,5
2025-08-17,JOBY,5
2025-08-17,SMR,5
2025-08-17,LINK,5
2025-08-17,RR,5
2025-08-17,LLY,4
2025-08-17,DOW,4
2025-08-17,ICE,4
2025-08-17,USB,4
2025-08-17,AAA,4
2025-08-17,ASTS,4
2025-08-17,FOR,4
2025-08-17,UP,4
2025-08-17,RKLB,4
2025-08-17,AMPX,4
2025-08-17,BTAI,4
2025-08-17,CRWV,4
2025-08-17,AMZN,3
2025-08-17,WMT,3
2025-08-17,MCD,3
2025-08-17,AVGO,3
2025-08-17,GL,3
2025-08-17,JPM,3
2025-08-17,WW,3
2025-08-17,WB,3
2025-08-17,EDIT,3
2025-08-17,MD,3
2025-08-17,AG,3
2025-08-17,QLD,3
2025-08-17,MAGA,3
2025-08-17,SOXS,3
2025-08-17,SGOV,3
2025-08-17,OPTT,3
2025-08-17,EVER,3
2025-08-17,KULR,3
2025-08-17,MP,3
2025-08-17,ME,3
2025-08-17,HIMS,3
2025-08-17,WULF,3
2025-08-18,UNH,278
2025-08-18,OPEN,267
2025-08-18,SPY,230
2025-08-18,NVDA,109
2025-08-18,NVO,102
2025-08-18,RDDT,95
2025-08-18,BULL,91
2025-08-18,AMD,71
2025-08-18,BYD,69
2025-08-18,DTE,64
2025-08-18,PLTR,60
2025-08-18,INTC,57
2025-08-18,QQQ,57
2025-08-18,WULF,57
2025-08-18,TSLA,54
2025-08-18,HOOD,52
2025-08-18,ASTS,51
2025-08-18,META,46
2025-08-18,RBLX,44
2025-08-18,CRWV,44
2025-08-18,RKLB,40
2025-08-18,PANW,39
2025-08-18,AM,38
2025-08-18,VOO,36
2025-08-18,GOOGL,33
2025-08-18,NBIS,32
2025-08-18,AMZN,31
2025-08-18,ASML,31
2025-08-18,MSTR,31
2025-08-18,CC,30
2025-08-18,EU,30
2025-08-18,LLY,28
2025-08-18,BTAI,25
2025-08-18,APLD,23
2025-08-18,ES,21
2025-08-18,UPS,20
2025-08-18,ONDS,20
2025-08-18,TGT,19
2025-08-18,YOU,19
2025-08-18,MSFT,17
2025-08-18,AAPL,17
2025-08-18,AMAT,17
2025-08-18,CTM,16
2025-08-18,GOOG,14
2025-08-18,NOW,14
2025-08-18,FOR,14
2025-08-18,HIMS,14
2025-08-18,WMT,13
2025-08-18,LULU,13
2025-08-18,NRXP,13
2025-08-18,MP,13
2025-08-18,FNMA,13
2025-08-18,SGOV,12
2025-08-18,SOFI,12
2025-08-18,BBAI,12
2025-08-18,CRWD,11
2025-08-18,JD,11
2025-08-18,UP,11
2025-08-18,HD,10
2025-08-18,CNC,10
2025-08-18,IT,10
2025-08-18,SNAP,10
2025-08-18,TLRY,10
2025-08-18,JOBY,10
2025-08-18,IXHL,10
2025-08-18,TTD,9
2025-08-18,IREN,9
2025-08-18,ME,9
2025-08-18,TSM,8
2025-08-18,ALL,8
2025-08-18,SMCI,8
2025-08-18,UBER,8
2025-08-18,PR,8
2025-08-18,LINK,8
2025-08-18,RR,8
2025-08-18,ADBE,7
2025-08-18,IBKR,7
2025-08-18,UUUU,7
2025-08-18,MBOT,7
2025-08-18,MVST,7
2025-08-18,ACHR,7
2025-08-18,SMR,7
2025-08-18,DJT,7
2025-08-18,FMCC,7
2025-08-18,SO,6
2025-08-18,WH,6
2025-08-18,SRPT,6
2025-08-18,ON,6
2025-08-18,AEO,6
2025-08-18,RS,6
2025-08-18,NIO,6
2025-08-18,ET,6
2025-08-18,BE,6
2025-08-18,AGG,6
2025-08-18,VT,6
2025-08-18,GME,6
2025-08-18,AMC,6
2025-08-18,OSCR,6
2025-08-18,TEM,6
2025-08-18,AVGO,5
2025-08-19,OPEN,426
2025-08-19,SPY,348
2025-08-19,INTC,316
2025-08-19,PLTR,235
2025-08-19,UNH,202
2025-08-19,NVDA,182
2025-08-19,PANW,140
2025-08-19,AMD,139
2025-08-19,CRWV,80
2025-08-19,MSFT,74
2025-08-19,TSLA,73
2025-08-19,VKTX,70
2025-08-19,QQQ,64
2025-08-19,HD,63
2025-08-19,BULL,60
2025-08-19,RBLX,59
2025-08-19,RDDT,59
2025-08-19,DTE,55
2025-08-19,LULU,47
2025-08-19,NVO,43
2025-08-19,RKLB,42
2025-08-19,UUUU,40
2025-08-19,AM,39
2025-08-19,HOOD,39
2025-08-19,VOO,36
2025-08-19,WULF,35
2025-08-19,GOOGL,33
2025-08-19,EU,33
2025-08-19,META,31
2025-08-19,GOOG,27
2025-08-19,MSTR,27
2025-08-19,AC,23
2025-08-19,DJT,23
2025-08-19,LLY,22
2025-08-19,CC,21
2025-08-19,WMT,20
2025-08-19,NBIS,20
2025-08-19,TGT,19
2025-08-19,YOU,19
2025-08-19,BYD,18
2025-08-19,JD,18
2025-08-19,SOFI,18
2025-08-19,AAPL,17
2025-08-19,AMZN,16
2025-08-19,ES,16
2025-08-19,UPS,16
2025-08-19,IOVA,16
2025-08-19,IBKR,16
2025-08-19,CRCL,16
2025-08-19,PGEN,15
2025-08-19,VTI,15
2025-08-19,ASTS,15
2025-08-19,APLD,15
2025-08-19,BTAI,15
2025-08-19,IT,14
2025-08-19,FVRR,14
2025-08-19,FOR,14
2025-08-19,PT,14
2025-08-19,OSCR,14
2025-08-19,CTM,14
2025-08-19,RR,14
2025-08-19,JPM,13
2025-08-19,OPRA,13
2025-08-19,ON,12
2025-08-19,RKT,12
2025-08-19,GLP,12
2025-08-19,ONDS,12
2025-08-19,LINK,12
2025-08-19,LOT,12
2025-08-19,MDT,11
2025-08-19,ALL,11
2025-08-19,NRXP,11
2025-08-19,UP,11
2025-08-19,ARM,11
2025-08-19,GM,10
2025-08-19,SNAP,10
2025-08-19,OR,10
2025-08-19,ET,10
2025-08-19,TQQQ,10
2025-08-19,IWM,10
2025-08-19,FN,10
2025-08-19,PR,10
2025-08-19,NFLX,9
2025-08-19,ICE,9
2025-08-19,NOW,9
2025-08-19,MSOS,9
2025-08-19,UVXY,9
2025-08-19,TLRY,9
2025-08-19,GDRX,9
2025-08-19,BLGO,9
2025-08-19,KSS,8
2025-08-19,WW,8
2025-08-19,CRWD,8
2025-08-19,RS,8
2025-08-19,VT,8
2025-08-19,TLT,8
2025-08-19,WWR,8
2025-08-19,HIMS,8
2025-08-19,FA,8
2025-08-19,IXHL,8
2025-08-20,PLTR,716
2025-08-20,SPY,468
2025-08-20,NVDA,287
2025-08-20,OPEN,202
2025-08-20,UNH,197
2025-08-20,INTC,149
2025-08-20,TGT,144
2025-08-20,QQQ,113
2025-08-20,AMD,112
2025-08-20,HOOD,108
2025-08-20,RDDT,107
2025-08-20,TSLA,104
2025-08-20,CRWV,67
2025-08-20,DTE,65
2025-08-20,VKTX,64
2025-08-20,MSTR,62
2025-08-20,META,62
2025-08-20,GOOG,54
2025-08-20,GOOGL,49
2025-08-20,AMZN,46
2025-08-20,YOU,44
2025-08-20,BULL,43
2025-08-20,WMT,36
2025-08-20,UUUU,35
2025-08-20,VOO,35
2025-08-20,AM,34
2025-08-20,CC,32
2025-08-20,MSFT,31
2025-08-20,ES,29
2025-08-20,RBLX,29
2025-08-20,HTZ,26
2025-08-20,LLY,24
2025-08-20,FOR,24
2025-08-20,RKLB,24
2025-08-20,AAPL,23
2025-08-20,IT,21
2025-08-20,SOFI,21
2025-08-20,ASTS,21
2025-08-20,NVO,20
2025-08-20,EL,20
2025-08-20,ALL,19
2025-08-20,CVNA,19
2025-08-20,DJT,19
2025-08-20,MU,18
2025-08-20,MBOT,18
2025-08-20,AMC,18
2025-08-20,LZB,17
2025-08-20,NRXP,17
2025-08-20,TJX,16
2025-08-20,EU,16
2025-08-20,UPS,15
2025-08-20,JD,15
2025-08-20,UVXY,15
2025-08-20,NOW,14
2025-08-20,AGI,14
2025-08-20,TSM,13
2025-08-20,UP,13
2025-08-20,HIMS,13
2025-08-20,IQ,12
2025-08-20,SQQQ,12
2025-08-20,DC,12
2025-08-20,LINK,12
2025-08-20,HD,11
2025-08-20,PGEN,11
2025-08-20,ON,11
2025-08-20,IBKR,11
2025-08-20,WULF,11
2025-08-20,RR,11
2025-08-20,CRCL,11
2025-08-20,FIG,11
2025-08-20,SMCI,10
2025-08-20,HR,10
2025-08-20,PANW,10
2025-08-20,BE,10
2025-08-20,GLD,10
2025-08-20,NEGG,10
2025-08-20,SO,9
2025-08-20,LULU,9
2025-08-20,TOL,9
2025-08-20,JUST,9
2025-08-20,SCHD,9
2025-08-20,IWM,9
2025-08-20,RKT,9
2025-08-20,ZIM,9
2025-08-20,ME,9
2025-08-20,BLSH,9
2025-08-20,VZ,8
2025-08-20,ASML,8
2025-08-20,OR,8
2025-08-20,OI,8
2025-08-20,WWR,8
2025-08-20,ANY,8
2025-08-20,BTAI,8
2025-08-20,PR,8
2025-08-20,NBIS,8
2025-08-20,GM,7
2025-08-20,DT,7
2025-08-20,VTI,7
2025-08-20,SOUN,7
2025-08-20,IXHL,7
2025-08-21,PLTR,458
2025-08-21,SPY,441
2025-08-21,NVDA,242
2025-08-21,WMT,162
2025-08-21,UNH,152
2025-08-21,OPEN,114
2025-08-21,QQQ,109
2025-08-21,DTE,108
2025-08-21,AMD,90
2025-08-21,INTC,80
2025-08-21,TSLA,64
2025-08-21,HOOD,62
2025-08-21,ROOT,57
2025-08-21,GOOG,53
2025-08-21,BULL,52
2025-08-21,TGT,51
2025-08-21,RDDT,50
2025-08-21,CRWV,46
2025-08-21,AMZN,45
2025-08-21,AM,45
2025-08-21,GOOGL,44
2025-08-21,META,38
2025-08-21,YOU,35
2025-08-21,AAPL,31
2025-08-21,NEGG,31
2025-08-21,THAR,31
2025-08-21,MSFT,30
2025-08-21,DJT,30
2025-08-21,IT,29
2025-08-21,CC,28
2025-08-21,UUUU,28
2025-08-21,VOO,28
2025-08-21,CVNA,23
2025-08-21,UP,23
2025-08-21,RBLX,22
2025-08-21,MSTR,21
2025-08-21,FOR,21
2025-08-21,HIMS,20
2025-08-21,ES,19
2025-08-21,ON,19
2025-08-21,GLD,19
2025-08-21,WULF,19
2025-08-21,NVO,18
2025-08-21,LLY,17
2025-08-21,ALL,16
2025-08-21,LULU,16
2025-08-21,SGOV,16
2025-08-21,RKLB,16
2025-08-21,HTZ,16
2025-08-21,NBIS,16
2025-08-21,PGEN,15
2025-08-21,IXHL,15
2025-08-21,OR,13
2025-08-21,SOFI,13
2025-08-21,LINK,13
2025-08-21,RR,13
2025-08-21,OKLO,13
2025-08-21,COTY,12
2025-08-21,NOW,12
2025-08-21,CSIQ,12
2025-08-21,TLT,12
2025-08-21,SCHG,12
2025-08-21,MBOT,12
2025-08-21,AGI,11
2025-08-21,SPYG,11
2025-08-21,VKTX,11
2025-08-21,PSKY,11
2025-08-21,MA,10
2025-08-21,HE,10
2025-08-21,IBKR,10
2025-08-21,JD,10
2025-08-21,VTI,10
2025-08-21,TQQQ,10
2025-08-21,IWM,10
2025-08-21,SQQQ,10
2025-08-21,APM,10
2025-08-21,DAY,10
2025-08-21,BLSH,10
2025-08-21,GM,9
2025-08-21,GL,9
2025-08-21,UPS,9
2025-08-21,UI,9
2025-08-21,NIO,9
2025-08-21,ET,9
2025-08-21,SMH,9
2025-08-21,VT,9
2025-08-21,TLRY,9
2025-08-21,CASH,9
2025-08-21,ASTS,9
2025-08-21,SMR,9
2025-08-21,DOW,8
2025-08-21,SO,8
2025-08-21,TD,8
2025-08-21,IQ,8
2025-08-21,DEI,8
2025-08-21,BE,8
2025-08-21,SCHD,8
2025-08-21,WAY,8
2025-08-21,PUMP,7
2025-08-21,LMND,7
2025-08-22,SPY,555
2025-08-22,NVDA,283
2025-08-22,OPEN,245
2025-08-22,PLTR,202
2025-08-22,QQQ,123
2025-08-22,DTE,115
2025-08-22,UNH,94
2025-08-22,AMD,81
2025-08-22,AM,75
2025-08-22,TSLA,65
2025-08-22,ROOT,58
2025-08-22,IXHL,52
2025-08-22,GOOGL,51
2025-08-22,GOOG,50
2025-08-22,YOU,46
2025-08-22,WMT,44
2025-08-22,META,43
2025-08-22,COTY,42
2025-08-22,NVO,34
2025-08-22,NIO,34
2025-08-22,BULL,34
2025-08-22,INTC,33
2025-08-22,UUUU,32
2025-08-22,VOO,32
2025-08-22,ZM,29
2025-08-22,HOOD,29
2025-08-22,UP,29
2025-08-22,DJT,29
2025-08-22,IWM,28
2025-08-22,CRWV,28
2025-08-22,PSKY,26
2025-08-22,IT,24
2025-08-22,ET,24
2025-08-22,RDDT,24
2025-08-22,MSFT,23
2025-08-22,NOW,23
2025-08-22,LLY,22
2025-08-22,SQQQ,22
2025-08-22,RBLX,20
2025-08-22,INTU,19
2025-08-22,FOR,19
2025-08-22,GLD,18
2025-08-22,WDAY,17
2025-08-22,NEGG,17
2025-08-22,RR,17
2025-08-22,AAPL,16
2025-08-22,MBOT,16
2025-08-22,TMC,16
2025-08-22,ALL,15
2025-08-22,AGI,15
2025-08-22,VXUS,15
2025-08-22,ES,14
2025-08-22,ON,14
2025-08-22,GO,14
2025-08-22,TQQQ,14
2025-08-22,HIMS,14
2025-08-22,BTAI,14
2025-08-22,DC,14
2025-08-22,EU,14
2025-08-22,AMZN,13
2025-08-22,VTI,13
2025-08-22,LINK,13
2025-08-22,CVNA,12
2025-08-22,LULU,11
2025-08-22,VT,11
2025-08-22,MSTR,11
2025-08-22,APM,11
2025-08-22,PUMP,11
2025-08-22,MP,11
2025-08-22,SMCI,10
2025-08-22,IQ,10
2025-08-22,CC,10
2025-08-22,ICE,9
2025-08-22,SO,9
2025-08-22,UPS,9
2025-08-22,TGT,9
2025-08-22,IBKR,9
2025-08-22,OR,9
2025-08-22,BJ,9
2025-08-22,SMH,9
2025-08-22,RKT,9
2025-08-22,LCID,9
2025-08-22,PT,9
2025-08-22,WAY,9
2025-08-22,MA,8
2025-08-22,CME,8
2025-08-22,HE,8
2025-08-22,BE,8
2025-08-22,MAGA,8
2025-08-22,LMND,8
2025-08-22,SOFI,8
2025-08-22,ASTS,8
2025-08-22,THAR,8
2025-08-22,CRCL,8
2025-08-22,BLSH,8
2025-08-22,CBRL,7
2025-08-22,OI,7
2025-08-22,MSOS,7
2025-08-22,UVXY,7
2025-08-22,SGOV,7
2025-08-23,OPEN,513
2025-08-23,SPY,305
2025-08-23,NVDA,207
2025-08-23,INTC,94
2025-08-23,TSLA,81
2025-08-23,RDDT,73
2025-08-23,DTE,68
2025-08-23,PLTR,60
2025-08-23,GOOG,59
2025-08-23,GOOGL,56
2025-08-23,QQQ,55
2025-08-23,AMD,48
2025-08-23,BULL,35
2025-08-23,CC,34
2025-08-23,AM,30
2025-08-23,UNH,29
2025-08-23,VOO,28
2025-08-23,AAPL,25
2025-08-23,DC,25
2025-08-23,WMT,24
2025-08-23,GM,24
2025-08-23,MAGA,24
2025-08-23,META,23
2025-08-23,JD,22
2025-08-23,MSFT,21
2025-08-23,NIO,18
2025-08-23,IWM,18
2025-08-23,YOU,18
2025-08-23,CRWV,18
2025-08-23,ALL,17
2025-08-23,UPS,17
2025-08-23,LULU,17
2025-08-23,UUUU,17
2025-08-23,HOOD,17
2025-08-23,SOFI,16
2025-08-23,ICE,15
2025-08-23,PDD,15
2025-08-23,IXHL,15
2025-08-23,AMZN,14
2025-08-23,ON,14
2025-08-23,EU,14
2025-08-23,NVO,12
2025-08-23,MSTR,12
2025-08-23,ONDS,12
2025-08-23,CRCL,12
2025-08-23,FOR,11
2025-08-23,COST,10
2025-08-23,VTI,10
2025-08-23,SGOV,10
2025-08-23,ASTS,10
2025-08-23,IREN,10
2025-08-23,IT,9
2025-08-23,TQQQ,9
2025-08-23,MBOT,9
2025-08-23,RKT,9
2025-08-23,DJT,9
2025-08-23,UP,8
2025-08-23,BTAI,8
2025-08-23,LINK,8
2025-08-23,BABA,7
2025-08-23,RS,7
2025-08-23,NC,7
2025-08-23,GOAT,7
2025-08-23,PUMP,7
2025-08-23,LCID,7
2025-08-23,LOT,7
2025-08-23,TSM,6
2025-08-23,HAS,6
2025-08-23,NOW,6
2025-08-23,AIG,6
2025-08-23,ASML,6
2025-08-23,CRWD,6
2025-08-23,GLD,6
2025-08-23,DGLY,6
2025-08-23,ROOT,6
2025-08-23,NEGG,6
2025-08-23,ME,6
2025-08-23,RR,6
2025-08-23,KO,5
2025-08-23,ES,5
2025-08-23,TGT,5
2025-08-23,TTD,5
2025-08-23,MAG,5
2025-08-23,IBKR,5
2025-08-23,TDS,5
2025-08-23,CVNA,5
2025-08-23,JUST,5
2025-08-23,SOXL,5
2025-08-23,FCF,5
2025-08-23,AMC,5
2025-08-23,PT,5
2025-08-23,MP,5
2025-08-23,RKLB,5
2025-08-23,SMR,5
2025-08-23,API,5
2025-08-23,BABY,5
2025-08-23,OS,5
2025-08-23,XYZ,5
2025-08-23,CME,4
2025-08-23,GL,4
2025-08-24,NVDA,99
2025-08-24,OPEN,83
2025-08-24,SPY,74
2025-08-24,AMD,49
2025-08-24,DTE,30
2025-08-24,GM,28
2025-08-24,PLTR,23
2025-08-24,INTC,21
2025-08-24,VOO,21
2025-08-24,OI,20
2025-08-24,QQQ,17
2025-08-24,UNH,16
2025-08-24,ES,15
2025-08-24,GOOG,14
2025-08-24,AAPL,13
2025-08-24,MSTR,13
2025-08-24,CRWV,13
2025-08-24,MSFT,12
2025-08-24,IWM,12
2025-08-24,NBIS,12
2025-08-24,ALL,11
2025-08-24,CC,11
2025-08-24,MAGA,10
2025-08-24,TSLA,9
2025-08-24,VTI,9
2025-08-24,BULL,9
2025-08-24,MBOT,8
2025-08-24,GOOGL,8
2025-08-24,EU,8
2025-08-24,ICE,7
2025-08-24,UPS,7
2025-08-24,THC,7
2025-08-24,GLD,7
2025-08-24,RKLB,7
2025-08-24,NVO,6
2025-08-24,IQ,6
2025-08-24,AM,6
2025-08-24,ARKK,6
2025-08-24,YOU,6
2025-08-24,SMR,6
2025-08-24,DC,6
2025-08-24,RR,6
2025-08-24,RDDT,6
2025-08-24,IT,5
2025-08-24,SMCI,5
2025-08-24,PDD,5
2025-08-24,UI,5
2025-08-24,OR,5
2025-08-24,TLRY,5
2025-08-24,ASTS,5
2025-08-24,FOR,5
2025-08-24,META,5
2025-08-24,AMZN,4
2025-08-24,EW,4
2025-08-24,AIG,4
2025-08-24,NIO,4
2025-08-24,DEI,4
2025-08-24,CVNA,4
2025-08-24,BJ,4
2025-08-24,DAX,4
2025-08-24,TLT,4
2025-08-24,TQQQ,4
2025-08-24,HOOD,4
2025-08-24,SOFI,4
2025-08-24,NA,4
2025-08-24,PR,4
2025-08-24,IXHL,4
2025-08-24,DJT,4
2025-08-24,SMC,4
2025-08-24,MA,3
2025-08-24,PEG,3
2025-08-24,HL,3
2025-08-24,EDIT,3
2025-08-24,RS,3
2025-08-24,III,3
2025-08-24,VUG,3
2025-08-24,JUST,3
2025-08-24,SCHD,3
2025-08-24,CUT,3
2025-08-24,VGT,3
2025-08-24,ME,3
2025-08-24,NEXT,3
2025-08-24,GLP,3
2025-08-24,BTAI,3
2025-08-24,IPA,3
2025-08-24,LINK,3
2025-08-24,TEM,3
2025-08-24,TSM,2
2025-08-24,TM,2
2025-08-24,ORCL,2
2025-08-24,NFLX,2
2025-08-24,LLY,2
2025-08-24,BP,2
2025-08-24,GL,2
2025-08-24,SBUX,2
2025-08-24,RIOT,2
2025-08-24,NG,2
2025-08-24,MAG,2
2025-08-24,HE,2
2025-08-24,AG,2
2025-08-25,OPEN,467
2025-08-25,NVDA,206
2025-08-25,SPY,204
2025-08-25,PLTR,106
2025-08-25,ROOT,78
2025-08-25,AMD,70
2025-08-25,INTC,69
2025-08-25,TSLA,65
2025-08-25,BULL,57
2025-08-25,UNH,46
2025-08-25,GOOG,45
2025-08-25,AM,45
2025-08-25,RKLB,44
2025-08-25,QQQ,40
2025-08-25,DTE,39
2025-08-25,TLRY,39
2025-08-25,HOOD,38
2025-08-25,NVO,35
2025-08-25,PDD,35
2025-08-25,SOFI,33
2025-08-25,GOOGL,31
2025-08-25,RDDT,28
2025-08-25,UUUU,26
2025-08-25,MSTR,26
2025-08-25,IXHL,25
2025-08-25,META,23
2025-08-25,VOO,22
2025-08-25,NIO,19
2025-08-25,MBOT,19
2025-08-25,ASTS,19
2025-08-25,MSFT,18
2025-08-25,AAPL,17
2025-08-25,BABA,14
2025-08-25,ALL,12
2025-08-25,LULU,12
2025-08-25,IWM,12
2025-08-25,SGOV,12
2025-08-25,BTAI,12
2025-08-25,CRWV,12
2025-08-25,KSS,11
2025-08-25,CC,11
2025-08-25,YOU,11
2025-08-25,AMZN,10
2025-08-25,RBLX,10
2025-08-25,RKT,10
2025-08-25,RR,10
2025-08-25,NBIS,10
2025-08-25,ES,9
2025-08-25,PEG,9
2025-08-25,IQ,9
2025-08-25,IBKR,9
2025-08-25,DNN,9
2025-08-25,VTI,9
2025-08-25,NEGG,9
2025-08-25,ASST,9
2025-08-25,LLY,8
2025-08-25,ET,8
2025-08-25,VXUS,8
2025-08-25,DNUT,8
2025-08-25,OKLO,8
2025-08-25,IBM,7
2025-08-25,GM,7
2025-08-25,IT,7
2025-08-25,ASML,7
2025-08-25,CVNA,7
2025-08-25,FOR,7
2025-08-25,DC,7
2025-08-25,EPIX,7
2025-08-25,ONDS,7
2025-08-25,NFLX,6
2025-08-25,AVGO,6
2025-08-25,RE,6
2025-08-25,OI,6
2025-08-25,GLD,6
2025-08-25,UP,6
2025-08-25,HIMS,6
2025-08-25,PR,6
2025-08-25,LINK,6
2025-08-25,DJT,6
2025-08-25,CRCL,6
2025-08-25,SOL,5
2025-08-25,JD,5
2025-08-25,JEPI,5
2025-08-25,WWR,5
2025-08-25,GME,5
2025-08-25,DOCN,5
2025-08-25,LIDR,5
2025-08-25,IREN,5
2025-08-25,EU,5
2025-08-25,MA,4
2025-08-25,MO,4
2025-08-25,CNC,4
2025-08-25,COTY,4
2025-08-25,GL,4
2025-08-25,UPS,4
2025-08-25,CBRL,4
2025-08-25,UI,4
2025-08-25,CGC,4
2025-08-25,TZA,4
2025-08-25,VT,4
2025-08-26,OPEN,704
2025-08-26,NVDA,433
2025-08-26,SPY,423
2025-08-26,TLRY,214
2025-08-26,TSLA,173
2025-08-26,AMD,130
2025-08-26,PLTR,120
2025-08-26,QQQ,90
2025-08-26,GOOG,74
2025-08-26,IXHL,73
2025-08-26,INTC,63
2025-08-26,ROOT,63
2025-08-26,RKLB,62
2025-08-26,DTE,56
2025-08-26,GOOGL,54
2025-08-26,VOO,52
2025-08-26,UUUU,51
2025-08-26,HOOD,50
2025-08-26,BULL,50
2025-08-26,UNH,44
2025-08-26,ASTS,43
2025-08-26,AM,41
2025-08-26,MSFT,39
2025-08-26,RDDT,38
2025-08-26,LLY,36
2025-08-26,SOFI,27
2025-08-26,NVO,26
2025-08-26,MSTR,26
2025-08-26,YOU,26
2025-08-26,AMZN,25
2025-08-26,AAPL,23
2025-08-26,IBKR,23
2025-08-26,UP,23
2025-08-26,MAGA,22
2025-08-26,BTAI,22
2025-08-26,MBOT,21
2025-08-26,META,21
2025-08-26,OKLO,21
2025-08-26,CRWV,21
2025-08-26,SATS,20
2025-08-26,IBM,19
2025-08-26,ES,17
2025-08-26,ON,17
2025-08-26,MAG,17
2025-08-26,NEGG,17
2025-08-26,OKTA,16
2025-08-26,RR,16
2025-08-26,KSS,15
2025-08-26,CC,15
2025-08-26,FOR,15
2025-08-26,DJT,15
2025-08-26,NOW,14
2025-08-26,IT,14
2025-08-26,GPRO,14
2025-08-26,SNAP,14
2025-08-26,CVNA,14
2025-08-26,GLD,14
2025-08-26,ONDS,14
2025-08-26,GL,13
2025-08-26,JD,13
2025-08-26,HUT,13
2025-08-26,ICE,12
2025-08-26,MSCI,12
2025-08-26,SMTC,12
2025-08-26,DEI,12
2025-08-26,TLT,12
2025-08-26,UVXY,12
2025-08-26,LINK,12
2025-08-26,NBIS,12
2025-08-26,CRCL,12
2025-08-26,GO,11
2025-08-26,NIO,11
2025-08-26,MSOS,11
2025-08-26,RBLX,11
2025-08-26,KDP,10
2025-08-26,TDS,10
2025-08-26,MP,10
2025-08-26,PR,10
2025-08-26,AVGO,9
2025-08-26,ALL,9
2025-08-26,BE,9
2025-08-26,VTI,9
2025-08-26,ACHV,9
2025-08-26,NINE,9
2025-08-26,PT,9
2025-08-26,EPIX,9
2025-08-26,WMT,8
2025-08-26,TSM,8
2025-08-26,WW,8
2025-08-26,CGC,8
2025-08-26,VT,8
2025-08-26,IWM,8
2025-08-26,SNDL,8
2025-08-26,COOK,8
2025-08-26,DQ,8
2025-08-26,DC,8
2025-08-26,EU,8
2025-08-26,GM,7
2025-08-26,RE,7
2025-08-26,MRVL,7
2025-08-27,NVDA,954
2025-08-27,UNH,320
2025-08-27,SPY,313
2025-08-27,OPEN,253
2025-08-27,TSLA,171
2025-08-27,KSS,129
2025-08-27,MSFT,128
2025-08-27,PLTR,99
2025-08-27,MDB,91
2025-08-27,TLRY,87
2025-08-27,QQQ,79
2025-08-27,RR,73
2025-08-27,AMD,68
2025-08-27,IXHL,68
2025-08-27,DTE,63
2025-08-27,AM,62
2025-08-27,GOOG,61
2025-08-27,BULL,60
2025-08-27,SNOW,58
2025-08-27,BTAI,55
2025-08-27,LLY,50
2025-08-27,HOOD,42
2025-08-27,GOOGL,38
2025-08-27,INTC,36
2025-08-27,DB,35
2025-08-27,CRWV,32
2025-08-27,ONDS,28
2025-08-27,OKTA,26
2025-08-27,VOO,25
2025-08-27,RDDT,25
2025-08-27,IWM,23
2025-08-27,SOFI,23
2025-08-27,UUUU,21
2025-08-27,EU,21
2025-08-27,AMZN,19
2025-08-27,META,19
2025-08-27,CRWD,18
2025-08-27,NEGG,18
2025-08-27,NVO,17
2025-08-27,CC,17
2025-08-27,MSTR,17
2025-08-27,OKLO,17
2025-08-27,NIO,16
2025-08-27,VTI,16
2025-08-27,ASTS,16
2025-08-27,CBRL,15
2025-08-27,MU,14
2025-08-27,IT,14
2025-08-27,MSOS,14
2025-08-27,MBOT,14
2025-08-27,DENN,14
2025-08-27,LINK,14
2025-08-27,AAPL,13
2025-08-27,ALL,13
2025-08-27,SATS,13
2025-08-27,ES,12
2025-08-27,RKLB,12
2025-08-27,LULU,11
2025-08-27,IQ,11
2025-08-27,IBKR,11
2025-08-27,YOU,11
2025-08-27,ACHR,11
2025-08-27,NBIS,11
2025-08-27,CRCL,11
2025-08-27,TS,10
2025-08-27,DNN,10
2025-08-27,BOX,10
2025-08-27,UP,10
2025-08-27,GL,9
2025-08-27,NOW,9
2025-08-27,SMH,9
2025-08-27,SGOV,9
2025-08-27,CTM,9
2025-08-27,ADBE,8
2025-08-27,MAG,8
2025-08-27,SERV,8
2025-08-27,OR,8
2025-08-27,MAGA,8
2025-08-27,TQQQ,8
2025-08-27,DJT,8
2025-08-27,PSKY,8
2025-08-27,AVGO,7
2025-08-27,SO,7
2025-08-27,ARKG,7
2025-08-27,VXUS,7
2025-08-27,GLD,7
2025-08-27,RBLX,7
2025-08-27,ANF,7
2025-08-27,VKTX,7
2025-08-27,PT,7
2025-08-27,MP,7
2025-08-27,HTZ,7
2025-08-27,APLD,7
2025-08-27,PSNY,7
2025-08-27,GLP,7
2025-08-27,SMR,7
2025-08-27,LMT,6
2025-08-27,CNC,6
2025-08-27,ICE,6
2025-08-27,JPM,6
2025-08-28,NVDA,2204
2025-08-28,SPY,387
2025-08-28,OPEN,335
2025-08-28,TSLA,152
2025-08-28,SNOW,151
2025-08-28,CRWD,137
2025-08-28,PLTR,136
2025-08-28,QQQ,107
2025-08-28,AMD,106
2025-08-28,BULL,94
2025-08-28,CRWV,91
2025-08-28,DTE,84
2025-08-28,HOOD,84
2025-08-28,GOOG,77
2025-08-28,GOOGL,70
2025-08-28,AM,64
2025-08-28,UNH,63
2025-08-28,RDDT,61
2025-08-28,MSFT,55
2025-08-28,VOO,52
2025-08-28,MDB,50
2025-08-28,TLRY,47
2025-08-28,AAPL,39
2025-08-28,BBW,34
2025-08-28,ONDS,33
2025-08-28,YOU,30
2025-08-28,BTAI,30
2025-08-28,KSS,28
2025-08-28,CC,28
2025-08-28,INTC,27
2025-08-28,RR,26
2025-08-28,ALL,24
2025-08-28,EU,24
2025-08-28,NVO,22
2025-08-28,META,22
2025-08-28,RKLB,21
2025-08-28,IT,20
2025-08-28,VTI,20
2025-08-28,SOXL,19
2025-08-28,IWM,19
2025-08-28,AMZN,18
2025-08-28,DG,18
2025-08-28,UP,18
2025-08-28,TD,17
2025-08-28,MBOT,17
2025-08-28,IXHL,16
2025-08-28,RAYA,16
2025-08-28,MRVL,15
2025-08-28,IBKR,15
2025-08-28,NBIS,15
2025-08-28,TSM,14
2025-08-28,BABA,14
2025-08-28,SGOV,14
2025-08-28,TELO,14
2025-08-28,ES,13
2025-08-28,UVXY,13
2025-08-28,MSTR,13
2025-08-28,SOFI,13
2025-08-28,ASTS,13
2025-08-28,OTLK,12
2025-08-28,OR,12
2025-08-28,SMCI,11
2025-08-28,NEGG,11
2025-08-28,PR,11
2025-08-28,DC,11
2025-08-28,AVGO,10
2025-08-28,GL,10
2025-08-28,NOW,10
2025-08-28,UUUU,10
2025-08-28,DENN,10
2025-08-28,FOR,10
2025-08-28,LINK,10
2025-08-28,MU,9
2025-08-28,AQB,9
2025-08-28,PSTG,9
2025-08-28,MSOS,9
2025-08-28,REI,9
2025-08-28,OG,9
2025-08-28,APLD,9
2025-08-28,DPRO,9
2025-08-28,OKLO,9
2025-08-28,ASML,8
2025-08-28,HR,8
2025-08-28,RS,8
2025-08-28,AGI,8
2025-08-28,VT,8
2025-08-28,CRCL,8
2025-08-28,IBM,7
2025-08-28,ICE,7
2025-08-28,DB,7
2025-08-28,UI,7
2025-08-28,CPA,7
2025-08-28,TQQQ,7
2025-08-28,AMC,7
2025-08-28,PT,7
2025-08-28,NVTS,7
2025-08-28,PROP,7
2025-08-28,LLY,6
2025-08-28,DOW,6
2025-08-28,ULTA,6
